Seed,Gen,MaxFitness,MinFitness,AvgFitness,MaxObjVal,MinObjVal,AvgObjVal
1,0,1.35135,0.806452,1.08499,-13,12,-3.1
1,1,1.35135,1.13636,1.23827,-13,-6,-9.46
1,2,1.42857,1.31579,1.34046,-15,-12,-12.68
1,3,1.47059,1.35135,1.40086,-16,-13,-14.28
1,4,1.51515,1.42857,1.47793,-17,-15,-16.16
1,5,1.6129,1.51515,1.52569,-19,-17,-17.22
1,6,1.66667,1.51515,1.58406,-20,-17,-18.42
1,7,1.72414,1.6129,1.66219,-21,-19,-19.9
1,8,2,1.66667,1.7324,-25,-20,-21.02
1,9,2,1.92308,1.97705,-25,-24,-24.7
1,10,2.08333,2,2.01,-26,-25,-25.12
1,11,2.08333,2.08333,2.08515,-26,-26,-26.02
1,12,2.17391,2.08333,2.10145,-27,-26,-26.2
1,13,2.27273,2.17391,2.17786,-28,-27,-27.04
1,14,2.27273,2.17391,2.17786,-28,-27,-27.04
1,15,2.27273,2.17391,2.20356,-28,-27,-27.3
1,16,2.27273,2.27273,2.27273,-28,-27,-28
1,17,2.27273,2.27273,2.27273,-28,-27,-28
1,18,2.27273,2.27273,2.27273,-28,-27,-28
1,19,2.27273,2.27273,2.27273,-28,-27,-28
1,20,2.27273,2.27273,2.27489,-28,-28,-28.02
1,21,2.38095,2.27273,2.29004,-29,-28,-28.16
1,22,2.38095,2.38095,2.38095,-29,-28,-29
1,23,2.38095,2.38095,2.38095,-29,-28,-29
1,24,2.38095,2.38095,2.38095,-29,-28,-29
1,25,2.38095,2.38095,2.38095,-29,-28,-29
1,26,2.38095,2.38095,2.38095,-29,-28,-29
1,27,2.5,2.38095,2.38571,-30,-29,-29.04
1,28,2.5,2.38095,2.42381,-30,-29,-29.36
1,29,2.5,2.5,2.5,-30,-29,-30
1,30,2.5,2.5,2.5,-30,-29,-30
1,31,2.5,2.5,2.5,-30,-29,-30
1,32,2.5,2.5,2.5,-30,-29,-30
1,33,2.5,2.5,2.5,-30,-29,-30
1,34,2.5,2.5,2.5,-30,-29,-30
1,35,2.5,2.5,2.5,-30,-29,-30
1,36,2.5,2.5,2.5,-30,-29,-30
1,37,2.5,2.5,2.5,-30,-29,-30
1,38,2.5,2.5,2.5,-30,-29,-30
1,39,2.5,2.5,2.5,-30,-29,-30
1,40,2.5,2.5,2.5,-30,-29,-30
1,41,2.5,2.5,2.5,-30,-29,-30
1,42,2.5,2.5,2.5,-30,-29,-30
1,43,2.5,2.5,2.5,-30,-29,-30
1,44,2.5,2.5,2.5,-30,-29,-30
1,45,2.5,2.5,2.5,-30,-29,-30
1,46,2.5,2.5,2.5,-30,-29,-30
1,47,2.5,2.5,2.5,-30,-29,-30
1,48,2.5,2.5,2.5,-30,-29,-30
1,49,2.5,2.5,2.5,-30,-29,-30
1,50,2.5,2.5,2.5,-30,-29,-30
1,51,2.5,2.5,2.5,-30,-29,-30
1,52,2.5,2.5,2.5,-30,-29,-30
1,53,2.5,2.5,2.5,-30,-29,-30
1,54,2.5,2.5,2.5,-30,-29,-30
1,55,2.5,2.5,2.5,-30,-29,-30
1,56,2.5,2.5,2.5,-30,-29,-30
1,57,2.5,2.5,2.5,-30,-29,-30
1,58,2.5,2.5,2.5,-30,-29,-30
1,59,2.5,2.5,2.5,-30,-29,-30
1,60,2.5,2.5,2.5,-30,-29,-30
1,61,2.5,2.5,2.5,-30,-29,-30
1,62,2.5,2.5,2.5,-30,-29,-30
1,63,2.5,2.5,2.5,-30,-29,-30
1,64,2.5,2.5,2.5,-30,-29,-30
1,65,2.5,2.5,2.5,-30,-29,-30
1,66,2.5,2.5,2.5,-30,-29,-30
1,67,2.5,2.5,2.5,-30,-29,-30
1,68,2.5,2.5,2.5,-30,-29,-30
1,69,2.5,2.5,2.5,-30,-29,-30
1,70,2.5,2.5,2.5,-30,-29,-30
1,71,2.5,2.5,2.5,-30,-29,-30
1,72,2.5,2.5,2.5,-30,-29,-30
1,73,2.5,2.5,2.5,-30,-29,-30
1,74,2.5,2.5,2.5,-30,-29,-30
1,75,2.5,2.5,2.5,-30,-29,-30
2,0,1.35135,0.806452,1.03189,-13,12,-0.88
2,1,1.38889,1,1.14628,-14,0,-5.98
2,2,1.51515,1.25,1.38166,-17,-10,-13.64
2,3,1.78571,1.51515,1.5326,-22,-17,-17.34
2,4,1.85185,1.5625,1.61497,-23,-18,-18.94
2,5,1.92308,1.78571,1.84229,-24,-22,-22.84
2,6,2,1.92308,1.93231,-25,-24,-24.12
2,7,2,1.92308,1.99538,-25,-24,-24.94
2,8,2,2,2,-25,-24,-25
2,9,2,2,2,-25,-24,-25
2,10,2,2,2,-25,-24,-25
2,11,2,2,2,-25,-24,-25
2,12,2,2,2,-25,-24,-25
2,13,2,2,2,-25,-24,-25
2,14,2,2,2,-25,-24,-25
2,15,2,2,2,-25,-24,-25
2,16,2.08333,2,2.00333,-26,-25,-25.04
2,17,2.08333,2,2.025,-26,-25,-25.3
2,18,2.08333,2.08333,2.08333,-26,-25,-26
2,19,2.08333,2.08333,2.08333,-26,-25,-26
2,20,2.08333,2.08333,2.08515,-26,-26,-26.02
2,21,2.17391,2.08333,2.10507,-27,-26,-26.24
2,22,2.17391,2.17391,2.17391,-27,-26,-27
2,23,2.17391,2.17391,2.17391,-27,-26,-27
2,24,2.17391,2.17391,2.17391,-27,-26,-27
2,25,2.17391,2.17391,2.17391,-27,-26,-27
2,26,2.17391,2.17391,2.17589,-27,-27,-27.02
2,27,2.27273,2.17391,2.1996,-28,-27,-27.26
2,28,2.27273,2.27273,2.27273,-28,-27,-28
2,29,2.27273,2.27273,2.27273,-28,-27,-28
2,30,2.27273,2.27273,2.27273,-28,-27,-28
2,31,2.27273,2.27273,2.27273,-28,-27,-28
2,32,2.27273,2.27273,2.27273,-28,-27,-28
2,33,2.27273,2.27273,2.27273,-28,-27,-28
2,34,2.27273,2.27273,2.27273,-28,-27,-28
2,35,2.27273,2.27273,2.27273,-28,-27,-28
2,36,2.27273,2.27273,2.27273,-28,-27,-28
2,37,2.27273,2.27273,2.27273,-28,-27,-28
2,38,2.27273,2.27273,2.27273,-28,-27,-28
2,39,2.27273,2.27273,2.27273,-28,-27,-28
2,40,2.27273,2.27273,2.27273,-28,-27,-28
2,41,2.27273,2.27273,2.27273,-28,-27,-28
2,42,2.27273,2.27273,2.27273,-28,-27,-28
2,43,2.27273,2.27273,2.27273,-28,-27,-28
2,44,2.27273,2.27273,2.27273,-28,-27,-28
2,45,2.27273,2.27273,2.27273,-28,-27,-28
2,46,2.27273,2.27273,2.27273,-28,-27,-28
2,47,2.27273,2.27273,2.27273,-28,-27,-28
2,48,2.27273,2.27273,2.27273,-28,-27,-28
2,49,2.27273,2.27273,2.27273,-28,-27,-28
2,50,2.27273,2.27273,2.27273,-28,-27,-28
2,51,2.27273,2.27273,2.27273,-28,-27,-28
2,52,2.27273,2.27273,2.27273,-28,-27,-28
2,53,2.27273,2.27273,2.27273,-28,-27,-28
2,54,2.27273,2.27273,2.27273,-28,-27,-28
2,55,2.27273,2.27273,2.27273,-28,-27,-28
2,56,2.27273,2.27273,2.27273,-28,-27,-28
2,57,2.27273,2.27273,2.27273,-28,-27,-28
2,58,2.27273,2.27273,2.27273,-28,-27,-28
2,59,2.27273,2.27273,2.27273,-28,-27,-28
2,60,2.27273,2.27273,2.27273,-28,-27,-28
2,61,2.27273,2.27273,2.27489,-28,-28,-28.02
2,62,2.27273,2.27273,2.27489,-28,-28,-28.02
2,63,2.38095,2.27273,2.29004,-29,-28,-28.16
2,64,2.38095,2.38095,2.38333,-29,-29,-29.02
2,65,2.5,2.38095,2.40952,-30,-29,-29.24
2,66,2.5,2.5,2.5,-30,-29,-30
2,67,2.5,2.5,2.5,-30,-29,-30
2,68,2.5,2.5,2.5,-30,-29,-30
2,69,2.5,2.5,2.5,-30,-29,-30
2,70,2.5,2.5,2.5,-30,-29,-30
2,71,2.5,2.5,2.5,-30,-29,-30
2,72,2.5,2.5,2.5,-30,-29,-30
2,73,2.5,2.5,2.5,-30,-29,-30
2,74,2.5,2.5,2.5,-30,-29,-30
2,75,2.5,2.5,2.5,-30,-29,-30
3,0,1.42857,0.793651,1.07257,-15,13,-2.48
3,1,1.5625,1.02041,1.17714,-18,-1,-6.92
3,2,1.66667,1.31579,1.47647,-20,-12,-15.98
3,3,1.92308,1.5625,1.63227,-24,-18,-19.3
3,4,1.92308,1.66667,1.76028,-24,-20,-21.5
3,5,2,1.92308,1.94923,-25,-24,-24.34
3,6,2,2,2,-25,-24,-25
3,7,2.08333,2,2.005,-26,-25,-25.06
3,8,2.08333,2,2.03167,-26,-25,-25.38
3,9,2.08333,2.08333,2.08333,-26,-25,-26
3,10,2.08333,2.08333,2.08333,-26,-25,-26
3,11,2.08333,2.08333,2.08333,-26,-25,-26
3,12,2.08333,2.08333,2.08333,-26,-25,-26
3,13,2.08333,2.08333,2.08333,-26,-25,-26
3,14,2.08333,2.08333,2.08333,-26,-25,-26
3,15,2.08333,2.08333,2.08333,-26,-25,-26
3,16,2.08333,2.08333,2.08333,-26,-25,-26
3,17,2.08333,2.08333,2.08333,-26,-25,-26
3,18,2.08333,2.08333,2.08333,-26,-25,-26
3,19,2.08333,2.08333,2.08333,-26,-25,-26
3,20,2.08333,2.08333,2.08333,-26,-25,-26
3,21,2.08333,2.08333,2.08333,-26,-25,-26
3,22,2.08333,2.08333,2.08515,-26,-26,-26.02
3,23,2.17391,2.08333,2.09783,-27,-26,-26.16
3,24,2.17391,2.17391,2.17391,-27,-26,-27
3,25,2.17391,2.17391,2.17391,-27,-26,-27
3,26,2.17391,2.17391,2.17391,-27,-26,-27
3,27,2.17391,2.17391,2.17391,-27,-26,-27
3,28,2.17391,2.17391,2.17589,-27,-27,-27.02
3,29,2.27273,2.17391,2.18775,-28,-27,-27.14
3,30,2.27273,2.27273,2.27273,-28,-27,-28
3,31,2.27273,2.27273,2.27273,-28,-27,-28
3,32,2.27273,2.27273,2.27489,-28,-28,-28.02
3,33,2.38095,2.27273,2.29437,-29,-28,-28.2
3,34,2.38095,2.38095,2.38333,-29,-29,-29.02
3,35,2.5,2.38095,2.40952,-30,-29,-29.24
3,36,2.5,2.5,2.5,-30,-29,-30
3,37,2.5,2.5,2.5,-30,-29,-30
3,38,2.5,2.5,2.5,-30,-29,-30
3,39,2.5,2.5,2.5,-30,-29,-30
3,40,2.5,2.5,2.5,-30,-29,-30
3,41,2.5,2.5,2.5,-30,-29,-30
3,42,2.5,2.5,2.5,-30,-29,-30
3,43,2.5,2.5,2.5,-30,-29,-30
3,44,2.5,2.5,2.5,-30,-29,-30
3,45,2.5,2.5,2.5,-30,-29,-30
3,46,2.5,2.5,2.5,-30,-29,-30
3,47,2.5,2.5,2.5,-30,-29,-30
3,48,2.5,2.5,2.5,-30,-29,-30
3,49,2.5,2.5,2.5,-30,-29,-30
3,50,2.5,2.5,2.5,-30,-29,-30
3,51,2.5,2.5,2.5,-30,-29,-30
3,52,2.5,2.5,2.5,-30,-29,-30
3,53,2.5,2.5,2.5,-30,-29,-30
3,54,2.5,2.5,2.5,-30,-29,-30
3,55,2.5,2.5,2.5,-30,-29,-30
3,56,2.5,2.5,2.5,-30,-29,-30
3,57,2.5,2.5,2.5,-30,-29,-30
3,58,2.5,2.5,2.5,-30,-29,-30
3,59,2.5,2.5,2.5,-30,-29,-30
3,60,2.5,2.5,2.5,-30,-29,-30
3,61,2.5,2.5,2.5,-30,-29,-30
3,62,2.5,2.5,2.5,-30,-29,-30
3,63,2.5,2.5,2.5,-30,-29,-30
3,64,2.5,2.5,2.5,-30,-29,-30
3,65,2.5,2.5,2.5,-30,-29,-30
3,66,2.5,2.5,2.5,-30,-29,-30
3,67,2.5,2.5,2.5,-30,-29,-30
3,68,2.5,2.5,2.5,-30,-29,-30
3,69,2.5,2.5,2.5,-30,-29,-30
3,70,2.5,2.5,2.5,-30,-29,-30
3,71,2.5,2.5,2.5,-30,-29,-30
3,72,2.5,2.5,2.5,-30,-29,-30
3,73,2.5,2.5,2.5,-30,-29,-30
3,74,2.5,2.5,2.5,-30,-29,-30
3,75,2.5,2.5,2.5,-30,-29,-30
4,0,1.31579,0.735294,1.03184,-12,18,-0.72
4,1,1.42857,1.04167,1.1908,-15,-2,-7.7
4,2,1.47059,1.28205,1.34447,-16,-11,-12.74
4,3,1.6129,1.42857,1.4755,-19,-15,-16.08
4,4,1.72414,1.51515,1.59273,-21,-17,-18.58
4,5,1.72414,1.6129,1.664,-21,-19,-19.92
4,6,1.78571,1.72414,1.72792,-22,-21,-21.06
4,7,1.85185,1.72414,1.77477,-23,-21,-21.8
4,8,1.92308,1.85185,1.8547,-24,-23,-23.04
4,9,1.92308,1.85185,1.87749,-24,-23,-23.36
4,10,1.92308,1.92308,1.92308,-24,-23,-24
4,11,2,1.92308,1.92782,-25,-24,-24.06
4,12,2.08333,1.92308,1.96731,-26,-24,-24.56
4,13,2.08333,2.08333,2.08515,-26,-26,-26.02
4,14,2.17391,2.08333,2.11232,-27,-26,-26.32
4,15,2.17391,2.17391,2.17391,-27,-26,-27
4,16,2.17391,2.17391,2.17391,-27,-26,-27
4,17,2.17391,2.17391,2.17391,-27,-26,-27
4,18,2.17391,2.17391,2.17589,-27,-27,-27.02
4,19,2.27273,2.17391,2.18775,-28,-27,-27.14
4,20,2.27273,2.27273,2.27273,-28,-27,-28
4,21,2.27273,2.27273,2.27273,-28,-27,-28
4,22,2.27273,2.27273,2.27273,-28,-27,-28
4,23,2.27273,2.27273,2.27273,-28,-27,-28
4,24,2.27273,2.27273,2.27273,-28,-27,-28
4,25,2.27273,2.27273,2.27273,-28,-27,-28
4,26,2.27273,2.27273,2.27273,-28,-27,-28
4,27,2.27273,2.27273,2.27273,-28,-27,-28
4,28,2.27273,2.27273,2.27273,-28,-27,-28
4,29,2.27273,2.27273,2.27273,-28,-27,-28
4,30,2.27273,2.27273,2.27273,-28,-27,-28
4,31,2.27273,2.27273,2.27273,-28,-27,-28
4,32,2.27273,2.27273,2.27273,-28,-27,-28
4,33,2.27273,2.27273,2.27273,-28,-27,-28
4,34,2.27273,2.27273,2.27489,-28,-28,-28.02
4,35,2.38095,2.27273,2.28571,-29,-28,-28.12
4,36,2.38095,2.27273,2.37229,-29,-28,-28.92
4,37,2.38095,2.38095,2.38095,-29,-28,-29
4,38,2.38095,2.38095,2.38095,-29,-28,-29
4,39,2.38095,2.38095,2.38095,-29,-28,-29
4,40,2.38095,2.38095,2.38095,-29,-28,-29
4,41,2.38095,2.38095,2.38095,-29,-28,-29
4,42,2.38095,2.38095,2.38095,-29,-28,-29
4,43,2.38095,2.38095,2.38095,-29,-28,-29
4,44,2.38095,2.38095,2.38095,-29,-28,-29
4,45,2.38095,2.38095,2.38095,-29,-28,-29
4,46,2.38095,2.38095,2.38095,-29,-28,-29
4,47,2.38095,2.38095,2.38095,-29,-28,-29
4,48,2.38095,2.38095,2.38095,-29,-28,-29
4,49,2.38095,2.38095,2.38095,-29,-28,-29
4,50,2.38095,2.38095,2.38095,-29,-28,-29
4,51,2.38095,2.38095,2.38095,-29,-28,-29
4,52,2.38095,2.38095,2.38095,-29,-28,-29
4,53,2.38095,2.38095,2.38095,-29,-28,-29
4,54,2.38095,2.38095,2.38095,-29,-28,-29
4,55,2.38095,2.38095,2.38095,-29,-28,-29
4,56,2.38095,2.38095,2.38095,-29,-28,-29
4,57,2.38095,2.38095,2.38095,-29,-28,-29
4,58,2.38095,2.38095,2.38095,-29,-28,-29
4,59,2.38095,2.38095,2.38095,-29,-28,-29
4,60,2.38095,2.38095,2.38095,-29,-28,-29
4,61,2.38095,2.38095,2.38095,-29,-28,-29
4,62,2.38095,2.38095,2.38095,-29,-28,-29
4,63,2.38095,2.38095,2.38095,-29,-28,-29
4,64,2.38095,2.38095,2.38095,-29,-28,-29
4,65,2.38095,2.38095,2.38095,-29,-28,-29
4,66,2.38095,2.38095,2.38095,-29,-28,-29
4,67,2.38095,2.38095,2.38095,-29,-28,-29
4,68,2.38095,2.38095,2.38095,-29,-28,-29
4,69,2.38095,2.38095,2.38095,-29,-28,-29
4,70,2.38095,2.38095,2.38095,-29,-28,-29
4,71,2.38095,2.38095,2.38095,-29,-28,-29
4,72,2.38095,2.38095,2.38095,-29,-28,-29
4,73,2.38095,2.38095,2.38095,-29,-28,-29
4,74,2.38095,2.38095,2.38095,-29,-28,-29
4,75,2.38095,2.38095,2.38095,-29,-28,-29
5,0,1.31579,0.819672,1.05767,-12,11,-2.06
5,1,1.31579,1.06383,1.15145,-12,-3,-6.4
5,2,1.47059,1.25,1.31174,-16,-10,-11.76
5,3,1.6129,1.42857,1.48671,-19,-15,-16.34
5,4,1.66667,1.51515,1.56517,-20,-17,-18.02
5,5,1.78571,1.6129,1.65478,-22,-19,-19.74
5,6,1.85185,1.78571,1.79904,-23,-22,-22.2
5,7,1.92308,1.85185,1.8604,-24,-23,-23.12
5,8,2,1.85185,1.92519,-25,-23,-24.02
5,9,2.08333,1.92308,2.00399,-26,-24,-25.04
5,10,2.17391,2,2.08341,-27,-25,-25.98
5,11,2.17391,2.17391,2.17391,-27,-25,-27
5,12,2.17391,2.17391,2.17391,-27,-25,-27
5,13,2.17391,2.17391,2.17391,-27,-25,-27
5,14,2.17391,2.17391,2.17391,-27,-25,-27
5,15,2.17391,2.17391,2.17391,-27,-25,-27
5,16,2.17391,2.17391,2.17391,-27,-25,-27
5,17,2.17391,2.17391,2.17391,-27,-25,-27
5,18,2.17391,2.17391,2.17391,-27,-25,-27
5,19,2.17391,2.17391,2.17391,-27,-25,-27
5,20,2.17391,2.17391,2.17391,-27,-25,-27
5,21,2.17391,2.17391,2.17391,-27,-25,-27
5,22,2.17391,2.17391,2.17391,-27,-25,-27
5,23,2.17391,2.17391,2.17391,-27,-25,-27
5,24,2.17391,2.17391,2.17391,-27,-25,-27
5,25,2.17391,2.17391,2.17391,-27,-25,-27
5,26,2.17391,2.17391,2.17391,-27,-25,-27
5,27,2.17391,2.17391,2.17391,-27,-25,-27
5,28,2.17391,2.17391,2.17391,-27,-25,-27
5,29,2.17391,2.17391,2.17391,-27,-25,-27
5,30,2.17391,2.17391,2.17391,-27,-25,-27
5,31,2.17391,2.17391,2.17391,-27,-25,-27
5,32,2.17391,2.17391,2.17391,-27,-25,-27
5,33,2.17391,2.17391,2.17391,-27,-25,-27
5,34,2.17391,2.17391,2.17391,-27,-25,-27
5,35,2.17391,2.17391,2.17391,-27,-25,-27
5,36,2.17391,2.17391,2.17391,-27,-25,-27
5,37,2.17391,2.17391,2.17391,-27,-25,-27
5,38,2.17391,2.17391,2.17391,-27,-25,-27
5,39,2.17391,2.17391,2.17391,-27,-25,-27
5,40,2.17391,2.17391,2.17391,-27,-25,-27
5,41,2.17391,2.17391,2.17391,-27,-25,-27
5,42,2.17391,2.17391,2.17391,-27,-25,-27
5,43,2.17391,2.17391,2.17589,-27,-27,-27.02
5,44,2.27273,2.17391,2.18577,-28,-27,-27.12
5,45,2.27273,2.27273,2.27273,-28,-27,-28
5,46,2.27273,2.27273,2.27273,-28,-27,-28
5,47,2.27273,2.27273,2.27273,-28,-27,-28
5,48,2.27273,2.27273,2.27273,-28,-27,-28
5,49,2.27273,2.27273,2.27273,-28,-27,-28
5,50,2.27273,2.27273,2.27273,-28,-27,-28
5,51,2.27273,2.27273,2.27273,-28,-27,-28
5,52,2.27273,2.27273,2.27273,-28,-27,-28
5,53,2.27273,2.27273,2.27273,-28,-27,-28
5,54,2.27273,2.27273,2.27273,-28,-27,-28
5,55,2.27273,2.27273,2.27273,-28,-27,-28
5,56,2.27273,2.27273,2.27273,-28,-27,-28
5,57,2.27273,2.27273,2.27273,-28,-27,-28
5,58,2.27273,2.27273,2.27273,-28,-27,-28
5,59,2.27273,2.27273,2.27273,-28,-27,-28
5,60,2.27273,2.27273,2.27273,-28,-27,-28
5,61,2.27273,2.27273,2.27273,-28,-27,-28
5,62,2.27273,2.27273,2.27273,-28,-27,-28
5,63,2.27273,2.27273,2.27273,-28,-27,-28
5,64,2.27273,2.27273,2.27273,-28,-27,-28
5,65,2.27273,2.27273,2.27273,-28,-27,-28
5,66,2.27273,2.27273,2.27273,-28,-27,-28
5,67,2.27273,2.27273,2.27273,-28,-27,-28
5,68,2.27273,2.27273,2.27273,-28,-27,-28
5,69,2.27273,2.27273,2.27273,-28,-27,-28
5,70,2.27273,2.27273,2.27273,-28,-27,-28
5,71,2.27273,2.27273,2.27273,-28,-27,-28
5,72,2.27273,2.27273,2.27273,-28,-27,-28
5,73,2.27273,2.27273,2.27273,-28,-27,-28
5,74,2.27273,2.27273,2.27273,-28,-27,-28
5,75,2.27273,2.27273,2.27273,-28,-27,-28
6,0,1.42857,0.78125,1.06219,-15,14,-2.06
6,1,1.47059,1.02041,1.21149,-16,-1,-8.14
6,2,1.66667,1.42857,1.4975,-20,-15,-16.52
6,3,1.78571,1.5625,1.65265,-22,-18,-19.7
6,4,1.85185,1.72414,1.7583,-23,-21,-21.54
6,5,1.92308,1.85185,1.8547,-24,-23,-23.04
6,6,1.92308,1.85185,1.86325,-24,-23,-23.16
6,7,2,1.92308,1.92923,-25,-24,-24.08
6,8,2,1.92308,1.97705,-25,-24,-24.7
6,9,2.08333,2,2.02,-26,-25,-25.24
6,10,2.08333,2.08333,2.08333,-26,-25,-26
6,11,2.08333,2.08333,2.08515,-26,-26,-26.02
6,12,2.17391,2.08333,2.10688,-27,-26,-26.26
6,13,2.17391,2.17391,2.17391,-27,-26,-27
6,14,2.17391,2.17391,2.17391,-27,-26,-27
6,15,2.17391,2.17391,2.17391,-27,-26,-27
6,16,2.17391,2.17391,2.17391,-27,-26,-27
6,17,2.17391,2.17391,2.17391,-27,-26,-27
6,18,2.17391,2.17391,2.17589,-27,-27,-27.02
6,19,2.27273,2.17391,2.18775,-28,-27,-27.14
6,20,2.27273,2.27273,2.27273,-28,-27,-28
6,21,2.27273,2.27273,2.27273,-28,-27,-28
6,22,2.27273,2.27273,2.27273,-28,-27,-28
6,23,2.27273,2.27273,2.27273,-28,-27,-28
6,24,2.27273,2.27273,2.27273,-28,-27,-28
6,25,2.27273,2.27273,2.27273,-28,-27,-28
6,26,2.27273,2.27273,2.27273,-28,-27,-28
6,27,2.27273,2.27273,2.27273,-28,-27,-28
6,28,2.27273,2.27273,2.27273,-28,-27,-28
6,29,2.27273,2.27273,2.27273,-28,-27,-28
6,30,2.27273,2.27273,2.27489,-28,-28,-28.02
6,31,2.38095,2.27273,2.28355,-29,-28,-28.1
6,32,2.38095,2.27273,2.37229,-29,-28,-28.92
6,33,2.38095,2.38095,2.38095,-29,-28,-29
6,34,2.38095,2.38095,2.38095,-29,-28,-29
6,35,2.38095,2.38095,2.38095,-29,-28,-29
6,36,2.38095,2.38095,2.38095,-29,-28,-29
6,37,2.38095,2.38095,2.38095,-29,-28,-29
6,38,2.38095,2.38095,2.38095,-29,-28,-29
6,39,2.38095,2.38095,2.38095,-29,-28,-29
6,40,2.38095,2.38095,2.38095,-29,-28,-29
6,41,2.38095,2.38095,2.38095,-29,-28,-29
6,42,2.38095,2.38095,2.38095,-29,-28,-29
6,43,2.38095,2.38095,2.38095,-29,-28,-29
6,44,2.38095,2.38095,2.38095,-29,-28,-29
6,45,2.38095,2.38095,2.38095,-29,-28,-29
6,46,2.38095,2.38095,2.38095,-29,-28,-29
6,47,2.38095,2.38095,2.38333,-29,-29,-29.02
6,48,2.5,2.38095,2.38809,-30,-29,-29.06
6,49,2.5,2.38095,2.44286,-30,-29,-29.52
6,50,2.5,2.5,2.5,-30,-29,-30
6,51,2.5,2.5,2.5,-30,-29,-30
6,52,2.5,2.5,2.5,-30,-29,-30
6,53,2.5,2.5,2.5,-30,-29,-30
6,54,2.5,2.5,2.5,-30,-29,-30
6,55,2.5,2.5,2.5,-30,-29,-30
6,56,2.5,2.5,2.5,-30,-29,-30
6,57,2.5,2.5,2.5,-30,-29,-30
6,58,2.5,2.5,2.5,-30,-29,-30
6,59,2.5,2.5,2.5,-30,-29,-30
6,60,2.5,2.5,2.5,-30,-29,-30
6,61,2.5,2.5,2.5,-30,-29,-30
6,62,2.5,2.5,2.5,-30,-29,-30
6,63,2.5,2.5,2.5,-30,-29,-30
6,64,2.5,2.5,2.5,-30,-29,-30
6,65,2.5,2.5,2.5,-30,-29,-30
6,66,2.5,2.5,2.5,-30,-29,-30
6,67,2.5,2.5,2.5,-30,-29,-30
6,68,2.5,2.5,2.5,-30,-29,-30
6,69,2.5,2.5,2.5,-30,-29,-30
6,70,2.5,2.5,2.5,-30,-29,-30
6,71,2.5,2.5,2.5,-30,-29,-30
6,72,2.5,2.5,2.5,-30,-29,-30
6,73,2.5,2.5,2.5,-30,-29,-30
6,74,2.5,2.5,2.5,-30,-29,-30
6,75,2.5,2.5,2.5,-30,-29,-30
7,0,1.72414,0.806452,1.05126,-21,12,-1.38
7,1,1.72414,1,1.2047,-21,0,-7.44
7,2,2.08333,1.5625,1.68082,-26,-18,-20.14
7,3,2.08333,1.72414,1.89725,-26,-21,-23.48
7,4,2.17391,2.08333,2.09058,-27,-26,-26.08
7,5,2.27273,2.08333,2.14707,-28,-26,-26.7
7,6,2.27273,2.17391,2.23715,-28,-27,-27.64
7,7,2.27273,2.27273,2.27273,-28,-27,-28
7,8,2.38095,2.27273,2.27922,-29,-28,-28.06
7,9,2.38095,2.27273,2.33571,-29,-28,-28.58
7,10,2.5,2.38095,2.4119,-30,-29,-29.26
7,11,2.5,2.5,2.5,-30,-29,-30
7,12,2.5,2.5,2.5,-30,-29,-30
7,13,2.5,2.5,2.5,-30,-29,-30
7,14,2.5,2.5,2.5,-30,-29,-30
7,15,2.5,2.5,2.5,-30,-29,-30
7,16,2.5,2.5,2.5,-30,-29,-30
7,17,2.5,2.5,2.5,-30,-29,-30
7,18,2.5,2.5,2.5,-30,-29,-30
7,19,2.5,2.5,2.5,-30,-29,-30
7,20,2.5,2.5,2.5,-30,-29,-30
7,21,2.5,2.5,2.5,-30,-29,-30
7,22,2.5,2.5,2.5,-30,-29,-30
7,23,2.5,2.5,2.5,-30,-29,-30
7,24,2.5,2.5,2.5,-30,-29,-30
7,25,2.5,2.5,2.5,-30,-29,-30
7,26,2.5,2.5,2.5,-30,-29,-30
7,27,2.5,2.5,2.5,-30,-29,-30
7,28,2.5,2.5,2.5,-30,-29,-30
7,29,2.5,2.5,2.5,-30,-29,-30
7,30,2.5,2.5,2.5,-30,-29,-30
7,31,2.5,2.5,2.5,-30,-29,-30
7,32,2.5,2.5,2.5,-30,-29,-30
7,33,2.5,2.5,2.5,-30,-29,-30
7,34,2.5,2.5,2.5,-30,-29,-30
7,35,2.5,2.5,2.5,-30,-29,-30
7,36,2.5,2.5,2.5,-30,-29,-30
7,37,2.5,2.5,2.5,-30,-29,-30
7,38,2.5,2.5,2.5,-30,-29,-30
7,39,2.5,2.5,2.5,-30,-29,-30
7,40,2.5,2.5,2.5,-30,-29,-30
7,41,2.5,2.5,2.5,-30,-29,-30
7,42,2.5,2.5,2.5,-30,-29,-30
7,43,2.5,2.5,2.5,-30,-29,-30
7,44,2.5,2.5,2.5,-30,-29,-30
7,45,2.5,2.5,2.5,-30,-29,-30
7,46,2.5,2.5,2.5,-30,-29,-30
7,47,2.5,2.5,2.5,-30,-29,-30
7,48,2.5,2.5,2.5,-30,-29,-30
7,49,2.5,2.5,2.5,-30,-29,-30
7,50,2.5,2.5,2.5,-30,-29,-30
7,51,2.5,2.5,2.5,-30,-29,-30
7,52,2.5,2.5,2.5,-30,-29,-30
7,53,2.5,2.5,2.5,-30,-29,-30
7,54,2.5,2.5,2.5,-30,-29,-30
7,55,2.5,2.5,2.5,-30,-29,-30
7,56,2.5,2.5,2.5,-30,-29,-30
7,57,2.5,2.5,2.5,-30,-29,-30
7,58,2.5,2.5,2.5,-30,-29,-30
7,59,2.5,2.5,2.5,-30,-29,-30
7,60,2.5,2.5,2.5,-30,-29,-30
7,61,2.5,2.5,2.5,-30,-29,-30
7,62,2.5,2.5,2.5,-30,-29,-30
7,63,2.5,2.5,2.5,-30,-29,-30
7,64,2.5,2.5,2.5,-30,-29,-30
7,65,2.5,2.5,2.5,-30,-29,-30
7,66,2.5,2.5,2.5,-30,-29,-30
7,67,2.5,2.5,2.5,-30,-29,-30
7,68,2.5,2.5,2.5,-30,-29,-30
7,69,2.5,2.5,2.5,-30,-29,-30
7,70,2.5,2.5,2.5,-30,-29,-30
7,71,2.5,2.5,2.5,-30,-29,-30
7,72,2.5,2.5,2.5,-30,-29,-30
7,73,2.5,2.5,2.5,-30,-29,-30
7,74,2.5,2.5,2.5,-30,-29,-30
7,75,2.5,2.5,2.5,-30,-29,-30
8,0,1.47059,0.78125,1.04798,-16,14,-1.46
8,1,1.47059,1.08696,1.25462,-16,-4,-9.8
8,2,1.51515,1.42857,1.4727,-17,-15,-16.04
8,3,1.6129,1.47059,1.49338,-19,-16,-16.5
8,4,1.6129,1.51515,1.55932,-19,-17,-17.92
8,5,1.66667,1.6129,1.62172,-20,-19,-19.14
8,6,2,1.6129,1.72107,-25,-19,-20.7
8,7,2,2,2,-25,-19,-25
8,8,2,2,2,-25,-19,-25
8,9,2,2,2.00167,-25,-25,-25.02
8,10,2.08333,2,2.01167,-26,-25,-25.14
8,11,2.08333,2.08333,2.08515,-26,-26,-26.02
8,12,2.17391,2.08333,2.09602,-27,-26,-26.14
8,13,2.17391,2.17391,2.17391,-27,-26,-27
8,14,2.17391,2.17391,2.17589,-27,-27,-27.02
8,15,2.27273,2.17391,2.1917,-28,-27,-27.18
8,16,2.27273,2.27273,2.27273,-28,-27,-28
8,17,2.27273,2.27273,2.27273,-28,-27,-28
8,18,2.27273,2.27273,2.27273,-28,-27,-28
8,19,2.27273,2.27273,2.27273,-28,-27,-28
8,20,2.27273,2.27273,2.27273,-28,-27,-28
8,21,2.27273,2.27273,2.27273,-28,-27,-28
8,22,2.27273,2.27273,2.27273,-28,-27,-28
8,23,2.27273,2.27273,2.27273,-28,-27,-28
8,24,2.27273,2.27273,2.27273,-28,-27,-28
8,25,2.27273,2.27273,2.27273,-28,-27,-28
8,26,2.27273,2.27273,2.27273,-28,-27,-28
8,27,2.27273,2.27273,2.27273,-28,-27,-28
8,28,2.27273,2.27273,2.27273,-28,-27,-28
8,29,2.27273,2.27273,2.27273,-28,-27,-28
8,30,2.27273,2.27273,2.27273,-28,-27,-28
8,31,2.27273,2.27273,2.27273,-28,-27,-28
8,32,2.27273,2.27273,2.27273,-28,-27,-28
8,33,2.27273,2.27273,2.27273,-28,-27,-28
8,34,2.27273,2.27273,2.27273,-28,-27,-28
8,35,2.27273,2.27273,2.27273,-28,-27,-28
8,36,2.27273,2.27273,2.27273,-28,-27,-28
8,37,2.27273,2.27273,2.27273,-28,-27,-28
8,38,2.27273,2.27273,2.27273,-28,-27,-28
8,39,2.27273,2.27273,2.27273,-28,-27,-28
8,40,2.27273,2.27273,2.27489,-28,-28,-28.02
8,41,2.38095,2.27273,2.29221,-29,-28,-28.18
8,42,2.38095,2.38095,2.38095,-29,-28,-29
8,43,2.38095,2.38095,2.38095,-29,-28,-29
8,44,2.38095,2.38095,2.38095,-29,-28,-29
8,45,2.38095,2.38095,2.38095,-29,-28,-29
8,46,2.38095,2.38095,2.38095,-29,-28,-29
8,47,2.38095,2.38095,2.38095,-29,-28,-29
8,48,2.38095,2.38095,2.38095,-29,-28,-29
8,49,2.38095,2.38095,2.38095,-29,-28,-29
8,50,2.38095,2.38095,2.38095,-29,-28,-29
8,51,2.38095,2.38095,2.38095,-29,-28,-29
8,52,2.38095,2.38095,2.38095,-29,-28,-29
8,53,2.38095,2.38095,2.38095,-29,-28,-29
8,54,2.38095,2.38095,2.38095,-29,-28,-29
8,55,2.38095,2.38095,2.38095,-29,-28,-29
8,56,2.38095,2.38095,2.38095,-29,-28,-29
8,57,2.38095,2.38095,2.38095,-29,-28,-29
8,58,2.38095,2.38095,2.38095,-29,-28,-29
8,59,2.38095,2.38095,2.38333,-29,-29,-29.02
8,60,2.5,2.38095,2.40476,-30,-29,-29.2
8,61,2.5,2.5,2.5,-30,-29,-30
8,62,2.5,2.5,2.5,-30,-29,-30
8,63,2.5,2.5,2.5,-30,-29,-30
8,64,2.5,2.5,2.5,-30,-29,-30
8,65,2.5,2.5,2.5,-30,-29,-30
8,66,2.5,2.5,2.5,-30,-29,-30
8,67,2.5,2.5,2.5,-30,-29,-30
8,68,2.5,2.5,2.5,-30,-29,-30
8,69,2.5,2.5,2.5,-30,-29,-30
8,70,2.5,2.5,2.5,-30,-29,-30
8,71,2.5,2.5,2.5,-30,-29,-30
8,72,2.5,2.5,2.5,-30,-29,-30
8,73,2.5,2.5,2.5,-30,-29,-30
8,74,2.5,2.5,2.5,-30,-29,-30
8,75,2.5,2.5,2.5,-30,-29,-30
9,0,1.47059,0.757576,1.03968,-16,16,-1.02
9,1,1.35135,1,1.12612,-13,0,-5.34
9,2,1.51515,1.19048,1.30649,-17,-8,-11.54
9,3,1.6129,1.38889,1.45052,-19,-14,-15.46
9,4,1.6129,1.51515,1.57548,-19,-17,-18.24
9,5,1.72414,1.6129,1.64078,-21,-19,-19.5
9,6,1.85185,1.72414,1.75328,-23,-21,-21.46
9,7,1.85185,1.85185,1.85185,-23,-21,-23
9,8,1.85185,1.85185,1.85185,-23,-21,-23
9,9,1.92308,1.85185,1.85613,-24,-23,-23.06
9,10,2,1.85185,1.87915,-25,-23,-23.38
9,11,2.08333,1.92308,1.95744,-26,-24,-24.44
9,12,2.17391,2,2.06225,-27,-25,-25.74
9,13,2.17391,2.08333,2.15217,-27,-26,-26.76
9,14,2.17391,2.17391,2.17391,-27,-26,-27
9,15,2.17391,2.17391,2.17391,-27,-26,-27
9,16,2.17391,2.17391,2.17391,-27,-26,-27
9,17,2.17391,2.17391,2.17391,-27,-26,-27
9,18,2.17391,2.17391,2.17391,-27,-26,-27
9,19,2.17391,2.17391,2.17391,-27,-26,-27
9,20,2.17391,2.17391,2.17391,-27,-26,-27
9,21,2.17391,2.17391,2.17391,-27,-26,-27
9,22,2.17391,2.17391,2.17391,-27,-26,-27
9,23,2.17391,2.17391,2.17391,-27,-26,-27
9,24,2.17391,2.17391,2.17391,-27,-26,-27
9,25,2.17391,2.17391,2.17391,-27,-26,-27
9,26,2.17391,2.17391,2.17589,-27,-27,-27.02
9,27,2.27273,2.17391,2.18972,-28,-27,-27.16
9,28,2.27273,2.27273,2.27489,-28,-28,-28.02
9,29,2.38095,2.27273,2.29654,-29,-28,-28.22
9,30,2.38095,2.38095,2.38095,-29,-28,-29
9,31,2.38095,2.38095,2.38333,-29,-29,-29.02
9,32,2.5,2.38095,2.42143,-30,-29,-29.34
9,33,2.5,2.5,2.5,-30,-29,-30
9,34,2.5,2.5,2.5,-30,-29,-30
9,35,2.5,2.5,2.5,-30,-29,-30
9,36,2.5,2.5,2.5,-30,-29,-30
9,37,2.5,2.5,2.5,-30,-29,-30
9,38,2.5,2.5,2.5,-30,-29,-30
9,39,2.5,2.5,2.5,-30,-29,-30
9,40,2.5,2.5,2.5,-30,-29,-30
9,41,2.5,2.5,2.5,-30,-29,-30
9,42,2.5,2.5,2.5,-30,-29,-30
9,43,2.5,2.5,2.5,-30,-29,-30
9,44,2.5,2.5,2.5,-30,-29,-30
9,45,2.5,2.5,2.5,-30,-29,-30
9,46,2.5,2.5,2.5,-30,-29,-30
9,47,2.5,2.5,2.5,-30,-29,-30
9,48,2.5,2.5,2.5,-30,-29,-30
9,49,2.5,2.5,2.5,-30,-29,-30
9,50,2.5,2.5,2.5,-30,-29,-30
9,51,2.5,2.5,2.5,-30,-29,-30
9,52,2.5,2.5,2.5,-30,-29,-30
9,53,2.5,2.5,2.5,-30,-29,-30
9,54,2.5,2.5,2.5,-30,-29,-30
9,55,2.5,2.5,2.5,-30,-29,-30
9,56,2.5,2.5,2.5,-30,-29,-30
9,57,2.5,2.5,2.5,-30,-29,-30
9,58,2.5,2.5,2.5,-30,-29,-30
9,59,2.5,2.5,2.5,-30,-29,-30
9,60,2.5,2.5,2.5,-30,-29,-30
9,61,2.5,2.5,2.5,-30,-29,-30
9,62,2.5,2.5,2.5,-30,-29,-30
9,63,2.5,2.5,2.5,-30,-29,-30
9,64,2.5,2.5,2.5,-30,-29,-30
9,65,2.5,2.5,2.5,-30,-29,-30
9,66,2.5,2.5,2.5,-30,-29,-30
9,67,2.5,2.5,2.5,-30,-29,-30
9,68,2.5,2.5,2.5,-30,-29,-30
9,69,2.5,2.5,2.5,-30,-29,-30
9,70,2.5,2.5,2.5,-30,-29,-30
9,71,2.5,2.5,2.5,-30,-29,-30
9,72,2.5,2.5,2.5,-30,-29,-30
9,73,2.5,2.5,2.5,-30,-29,-30
9,74,2.5,2.5,2.5,-30,-29,-30
9,75,2.5,2.5,2.5,-30,-29,-30
10,0,1.72414,0.806452,1.03486,-21,12,-0.7
10,1,1.28205,0.980392,1.11148,-11,1,-4.74
10,2,1.42857,1.19048,1.24418,-15,-8,-9.68
10,3,1.72414,1.31579,1.43521,-21,-12,-14.98
10,4,1.78571,1.51515,1.67243,-22,-17,-20.02
10,5,1.92308,1.78571,1.80596,-24,-22,-22.3
10,6,2,1.85185,1.91675,-25,-23,-23.9
10,7,2,1.92308,1.99397,-25,-24,-24.92
10,8,2.08333,2,2.005,-26,-25,-25.06
10,9,2.08333,2,2.055,-26,-25,-25.66
10,10,2.08333,2.08333,2.08333,-26,-25,-26
10,11,2.08333,2.08333,2.08333,-26,-25,-26
10,12,2.08333,2.08333,2.08333,-26,-25,-26
10,13,2.08333,2.08333,2.08333,-26,-25,-26
10,14,2.08333,2.08333,2.08333,-26,-25,-26
10,15,2.08333,2.08333,2.08333,-26,-25,-26
10,16,2.08333,2.08333,2.08333,-26,-25,-26
10,17,2.08333,2.08333,2.08333,-26,-25,-26
10,18,2.08333,2.08333,2.08333,-26,-25,-26
10,19,2.08333,2.08333,2.08515,-26,-26,-26.02
10,20,2.17391,2.08333,2.10145,-27,-26,-26.2
10,21,2.17391,2.17391,2.17589,-27,-27,-27.02
10,22,2.27273,2.17391,2.18379,-28,-27,-27.1
10,23,2.27273,2.17391,2.26087,-28,-27,-27.88
10,24,2.27273,2.27273,2.27273,-28,-27,-28
10,25,2.27273,2.27273,2.27273,-28,-27,-28
10,26,2.27273,2.27273,2.27273,-28,-27,-28
10,27,2.27273,2.27273,2.27273,-28,-27,-28
10,28,2.27273,2.27273,2.27273,-28,-27,-28
10,29,2.27273,2.27273,2.27273,-28,-27,-28
10,30,2.27273,2.27273,2.27273,-28,-27,-28
10,31,2.27273,2.27273,2.27273,-28,-27,-28
10,32,2.38095,2.27273,2.27706,-29,-28,-28.04
10,33,2.38095,2.27273,2.33117,-29,-28,-28.54
10,34,2.38095,2.38095,2.38095,-29,-28,-29
10,35,2.38095,2.38095,2.38095,-29,-28,-29
10,36,2.38095,2.38095,2.38095,-29,-28,-29
10,37,2.38095,2.38095,2.38095,-29,-28,-29
10,38,2.38095,2.38095,2.38095,-29,-28,-29
10,39,2.38095,2.38095,2.38095,-29,-28,-29
10,40,2.38095,2.38095,2.38095,-29,-28,-29
10,41,2.38095,2.38095,2.38095,-29,-28,-29
10,42,2.38095,2.38095,2.38095,-29,-28,-29
10,43,2.38095,2.38095,2.38095,-29,-28,-29
10,44,2.38095,2.38095,2.38095,-29,-28,-29
10,45,2.38095,2.38095,2.38095,-29,-28,-29
10,46,2.38095,2.38095,2.38095,-29,-28,-29
10,47,2.38095,2.38095,2.38095,-29,-28,-29
10,48,2.38095,2.38095,2.38095,-29,-28,-29
10,49,2.38095,2.38095,2.38095,-29,-28,-29
10,50,2.38095,2.38095,2.38095,-29,-28,-29
10,51,2.38095,2.38095,2.38095,-29,-28,-29
10,52,2.38095,2.38095,2.38095,-29,-28,-29
10,53,2.38095,2.38095,2.38095,-29,-28,-29
10,54,2.38095,2.38095,2.38095,-29,-28,-29
10,55,2.38095,2.38095,2.38095,-29,-28,-29
10,56,2.38095,2.38095,2.38095,-29,-28,-29
10,57,2.38095,2.38095,2.38095,-29,-28,-29
10,58,2.38095,2.38095,2.38095,-29,-28,-29
10,59,2.38095,2.38095,2.38095,-29,-28,-29
10,60,2.38095,2.38095,2.38095,-29,-28,-29
10,61,2.38095,2.38095,2.38095,-29,-28,-29
10,62,2.38095,2.38095,2.38095,-29,-28,-29
10,63,2.38095,2.38095,2.38095,-29,-28,-29
10,64,2.38095,2.38095,2.38333,-29,-29,-29.02
10,65,2.5,2.38095,2.40952,-30,-29,-29.24
10,66,2.5,2.5,2.5,-30,-29,-30
10,67,2.5,2.5,2.5,-30,-29,-30
10,68,2.5,2.5,2.5,-30,-29,-30
10,69,2.5,2.5,2.5,-30,-29,-30
10,70,2.5,2.5,2.5,-30,-29,-30
10,71,2.5,2.5,2.5,-30,-29,-30
10,72,2.5,2.5,2.5,-30,-29,-30
10,73,2.5,2.5,2.5,-30,-29,-30
10,74,2.5,2.5,2.5,-30,-29,-30
10,75,2.5,2.5,2.5,-30,-29,-30
11,0,1.35135,0.78125,1.0657,-13,14,-2.22
11,1,1.42857,1.04167,1.1795,-15,-2,-7.3
11,2,1.51515,1.31579,1.38178,-17,-12,-13.76
11,3,1.6129,1.42857,1.51554,-19,-15,-16.98
11,4,1.72414,1.5625,1.59027,-21,-18,-18.54
11,5,1.78571,1.6129,1.69151,-22,-19,-20.4
11,6,1.85185,1.78571,1.79233,-23,-22,-22.1
11,7,1.92308,1.78571,1.8428,-24,-22,-22.86
11,8,1.92308,1.85185,1.87322,-24,-23,-23.3
11,9,1.92308,1.92308,1.92308,-24,-23,-24
11,10,2,1.92308,1.92615,-25,-24,-24.04
11,11,2,1.92308,1.95539,-25,-24,-24.42
11,12,2,2,2.00167,-25,-25,-25.02
11,13,2.08333,2,2.01667,-26,-25,-25.2
11,14,2.08333,2.08333,2.08515,-26,-26,-26.02
11,15,2.17391,2.08333,2.09239,-27,-26,-26.1
11,16,2.17391,2.08333,2.15761,-27,-26,-26.82
11,17,2.17391,2.17391,2.17391,-27,-26,-27
11,18,2.17391,2.17391,2.17391,-27,-26,-27
11,19,2.17391,2.17391,2.17391,-27,-26,-27
11,20,2.17391,2.17391,2.17391,-27,-26,-27
11,21,2.17391,2.17391,2.17391,-27,-26,-27
11,22,2.17391,2.17391,2.17391,-27,-26,-27
11,23,2.17391,2.17391,2.17391,-27,-26,-27
11,24,2.17391,2.17391,2.17391,-27,-26,-27
11,25,2.17391,2.17391,2.17391,-27,-26,-27
11,26,2.17391,2.17391,2.17391,-27,-26,-27
11,27,2.17391,2.17391,2.17391,-27,-26,-27
11,28,2.17391,2.17391,2.17391,-27,-26,-27
11,29,2.17391,2.17391,2.17391,-27,-26,-27
11,30,2.27273,2.17391,2.17786,-28,-27,-27.04
11,31,2.27273,2.17391,2.20949,-28,-27,-27.36
11,32,2.27273,2.27273,2.27273,-28,-27,-28
11,33,2.27273,2.27273,2.27273,-28,-27,-28
11,34,2.27273,2.27273,2.27273,-28,-27,-28
11,35,2.27273,2.27273,2.27273,-28,-27,-28
11,36,2.27273,2.27273,2.27273,-28,-27,-28
11,37,2.27273,2.27273,2.27273,-28,-27,-28
11,38,2.27273,2.27273,2.27273,-28,-27,-28
11,39,2.27273,2.27273,2.27273,-28,-27,-28
11,40,2.27273,2.27273,2.27273,-28,-27,-28
11,41,2.27273,2.27273,2.27273,-28,-27,-28
11,42,2.27273,2.27273,2.27273,-28,-27,-28
11,43,2.27273,2.27273,2.27273,-28,-27,-28
11,44,2.27273,2.27273,2.27273,-28,-27,-28
11,45,2.27273,2.27273,2.27273,-28,-27,-28
11,46,2.27273,2.27273,2.27273,-28,-27,-28
11,47,2.27273,2.27273,2.27273,-28,-27,-28
11,48,2.27273,2.27273,2.27273,-28,-27,-28
11,49,2.27273,2.27273,2.27273,-28,-27,-28
11,50,2.27273,2.27273,2.27273,-28,-27,-28
11,51,2.27273,2.27273,2.27273,-28,-27,-28
11,52,2.27273,2.27273,2.27273,-28,-27,-28
11,53,2.27273,2.27273,2.27273,-28,-27,-28
11,54,2.27273,2.27273,2.27273,-28,-27,-28
11,55,2.27273,2.27273,2.27273,-28,-27,-28
11,56,2.27273,2.27273,2.27273,-28,-27,-28
11,57,2.27273,2.27273,2.27273,-28,-27,-28
11,58,2.27273,2.27273,2.27273,-28,-27,-28
11,59,2.27273,2.27273,2.27489,-28,-28,-28.02
11,60,2.38095,2.27273,2.3052,-29,-28,-28.3
11,61,2.38095,2.38095,2.38095,-29,-28,-29
11,62,2.38095,2.38095,2.38095,-29,-28,-29
11,63,2.38095,2.38095,2.38095,-29,-28,-29
11,64,2.38095,2.38095,2.38095,-29,-28,-29
11,65,2.38095,2.38095,2.38095,-29,-28,-29
11,66,2.38095,2.38095,2.38095,-29,-28,-29
11,67,2.38095,2.38095,2.38095,-29,-28,-29
11,68,2.38095,2.38095,2.38095,-29,-28,-29
11,69,2.38095,2.38095,2.38095,-29,-28,-29
11,70,2.38095,2.38095,2.38095,-29,-28,-29
11,71,2.38095,2.38095,2.38095,-29,-28,-29
11,72,2.38095,2.38095,2.38095,-29,-28,-29
11,73,2.38095,2.38095,2.38095,-29,-28,-29
11,74,2.38095,2.38095,2.38095,-29,-28,-29
11,75,2.38095,2.38095,2.38095,-29,-28,-29
12,0,1.72414,0.833333,1.08948,-21,10,-2.74
12,1,1.6129,1.08696,1.29732,-19,-4,-10.84
12,2,1.66667,1.5625,1.61325,-20,-18,-19
12,3,1.72414,1.6129,1.64369,-21,-19,-19.56
12,4,1.78571,1.66667,1.72735,-22,-20,-21.04
12,5,1.92308,1.78571,1.81115,-24,-22,-22.38
12,6,1.92308,1.85185,1.87476,-24,-23,-23.32
12,7,2,1.92308,1.93244,-25,-24,-24.12
12,8,2.08333,2,2.02333,-26,-25,-25.28
12,9,2.08333,2.08333,2.08515,-26,-26,-26.02
12,10,2.17391,2.08333,2.10145,-27,-26,-26.2
12,11,2.17391,2.17391,2.17589,-27,-27,-27.02
12,12,2.27273,2.17391,2.19368,-28,-27,-27.2
12,13,2.27273,2.27273,2.27273,-28,-27,-28
12,14,2.27273,2.27273,2.27273,-28,-27,-28
12,15,2.27273,2.27273,2.27273,-28,-27,-28
12,16,2.27273,2.27273,2.27273,-28,-27,-28
12,17,2.27273,2.27273,2.27273,-28,-27,-28
12,18,2.27273,2.27273,2.27273,-28,-27,-28
12,19,2.27273,2.27273,2.27273,-28,-27,-28
12,20,2.27273,2.27273,2.27273,-28,-27,-28
12,21,2.27273,2.27273,2.27273,-28,-27,-28
12,22,2.27273,2.27273,2.27273,-28,-27,-28
12,23,2.27273,2.27273,2.27273,-28,-27,-28
12,24,2.27273,2.27273,2.27489,-28,-28,-28.02
12,25,2.38095,2.27273,2.2987,-29,-28,-28.24
12,26,2.38095,2.38095,2.38095,-29,-28,-29
12,27,2.38095,2.38095,2.38095,-29,-28,-29
12,28,2.38095,2.38095,2.38095,-29,-28,-29
12,29,2.38095,2.38095,2.38095,-29,-28,-29
12,30,2.38095,2.38095,2.38095,-29,-28,-29
12,31,2.38095,2.38095,2.38095,-29,-28,-29
12,32,2.38095,2.38095,2.38095,-29,-28,-29
12,33,2.38095,2.38095,2.38095,-29,-28,-29
12,34,2.38095,2.38095,2.38095,-29,-28,-29
12,35,2.38095,2.38095,2.38095,-29,-28,-29
12,36,2.38095,2.38095,2.38333,-29,-29,-29.02
12,37,2.5,2.38095,2.4119,-30,-29,-29.26
12,38,2.5,2.5,2.5,-30,-29,-30
12,39,2.5,2.5,2.5,-30,-29,-30
12,40,2.5,2.5,2.5,-30,-29,-30
12,41,2.5,2.5,2.5,-30,-29,-30
12,42,2.5,2.5,2.5,-30,-29,-30
12,43,2.5,2.5,2.5,-30,-29,-30
12,44,2.5,2.5,2.5,-30,-29,-30
12,45,2.5,2.5,2.5,-30,-29,-30
12,46,2.5,2.5,2.5,-30,-29,-30
12,47,2.5,2.5,2.5,-30,-29,-30
12,48,2.5,2.5,2.5,-30,-29,-30
12,49,2.5,2.5,2.5,-30,-29,-30
12,50,2.5,2.5,2.5,-30,-29,-30
12,51,2.5,2.5,2.5,-30,-29,-30
12,52,2.5,2.5,2.5,-30,-29,-30
12,53,2.5,2.5,2.5,-30,-29,-30
12,54,2.5,2.5,2.5,-30,-29,-30
12,55,2.5,2.5,2.5,-30,-29,-30
12,56,2.5,2.5,2.5,-30,-29,-30
12,57,2.5,2.5,2.5,-30,-29,-30
12,58,2.5,2.5,2.5,-30,-29,-30
12,59,2.5,2.5,2.5,-30,-29,-30
12,60,2.5,2.5,2.5,-30,-29,-30
12,61,2.5,2.5,2.5,-30,-29,-30
12,62,2.5,2.5,2.5,-30,-29,-30
12,63,2.5,2.5,2.5,-30,-29,-30
12,64,2.5,2.5,2.5,-30,-29,-30
12,65,2.5,2.5,2.5,-30,-29,-30
12,66,2.5,2.5,2.5,-30,-29,-30
12,67,2.5,2.5,2.5,-30,-29,-30
12,68,2.5,2.5,2.5,-30,-29,-30
12,69,2.5,2.5,2.5,-30,-29,-30
12,70,2.5,2.5,2.5,-30,-29,-30
12,71,2.5,2.5,2.5,-30,-29,-30
12,72,2.5,2.5,2.5,-30,-29,-30
12,73,2.5,2.5,2.5,-30,-29,-30
12,74,2.5,2.5,2.5,-30,-29,-30
12,75,2.5,2.5,2.5,-30,-29,-30
13,0,1.47059,0.78125,1.07933,-16,14,-2.84
13,1,1.38889,1.04167,1.18694,-14,-2,-7.38
13,2,1.51515,1.35135,1.408,-17,-13,-14.44
13,3,1.78571,1.47059,1.52148,-22,-16,-17.06
13,4,1.85185,1.6129,1.70152,-23,-19,-20.54
13,5,2,1.78571,1.8228,-25,-22,-22.54
13,6,2.08333,1.85185,1.97103,-26,-23,-24.6
13,7,2.08333,2,2.08167,-26,-25,-25.98
13,8,2.08333,2.08333,2.08515,-26,-26,-26.02
13,9,2.17391,2.08333,2.10507,-27,-26,-26.24
13,10,2.17391,2.17391,2.17391,-27,-26,-27
13,11,2.17391,2.17391,2.17391,-27,-26,-27
13,12,2.17391,2.17391,2.17589,-27,-27,-27.02
13,13,2.27273,2.17391,2.18775,-28,-27,-27.14
13,14,2.27273,2.27273,2.27273,-28,-27,-28
13,15,2.27273,2.27273,2.27273,-28,-27,-28
13,16,2.27273,2.27273,2.27273,-28,-27,-28
13,17,2.27273,2.27273,2.27273,-28,-27,-28
13,18,2.27273,2.27273,2.27273,-28,-27,-28
13,19,2.27273,2.27273,2.27273,-28,-27,-28
13,20,2.27273,2.27273,2.27273,-28,-27,-28
13,21,2.27273,2.27273,2.27273,-28,-27,-28
13,22,2.27273,2.27273,2.27273,-28,-27,-28
13,23,2.27273,2.27273,2.27273,-28,-27,-28
13,24,2.27273,2.27273,2.27489,-28,-28,-28.02
13,25,2.38095,2.27273,2.30303,-29,-28,-28.28
13,26,2.38095,2.38095,2.38095,-29,-28,-29
13,27,2.38095,2.38095,2.38095,-29,-28,-29
13,28,2.38095,2.38095,2.38095,-29,-28,-29
13,29,2.38095,2.38095,2.38095,-29,-28,-29
13,30,2.38095,2.38095,2.38095,-29,-28,-29
13,31,2.38095,2.38095,2.38095,-29,-28,-29
13,32,2.38095,2.38095,2.38095,-29,-28,-29
13,33,2.38095,2.38095,2.38095,-29,-28,-29
13,34,2.38095,2.38095,2.38095,-29,-28,-29
13,35,2.38095,2.38095,2.38095,-29,-28,-29
13,36,2.38095,2.38095,2.38095,-29,-28,-29
13,37,2.38095,2.38095,2.38095,-29,-28,-29
13,38,2.38095,2.38095,2.38095,-29,-28,-29
13,39,2.38095,2.38095,2.38095,-29,-28,-29
13,40,2.38095,2.38095,2.38095,-29,-28,-29
13,41,2.38095,2.38095,2.38095,-29,-28,-29
13,42,2.38095,2.38095,2.38095,-29,-28,-29
13,43,2.38095,2.38095,2.38095,-29,-28,-29
13,44,2.38095,2.38095,2.38095,-29,-28,-29
13,45,2.38095,2.38095,2.38095,-29,-28,-29
13,46,2.38095,2.38095,2.38095,-29,-28,-29
13,47,2.38095,2.38095,2.38095,-29,-28,-29
13,48,2.38095,2.38095,2.38095,-29,-28,-29
13,49,2.38095,2.38095,2.38095,-29,-28,-29
13,50,2.38095,2.38095,2.38095,-29,-28,-29
13,51,2.38095,2.38095,2.38095,-29,-28,-29
13,52,2.38095,2.38095,2.38095,-29,-28,-29
13,53,2.38095,2.38095,2.38095,-29,-28,-29
13,54,2.38095,2.38095,2.38095,-29,-28,-29
13,55,2.38095,2.38095,2.38095,-29,-28,-29
13,56,2.38095,2.38095,2.38095,-29,-28,-29
13,57,2.38095,2.38095,2.38095,-29,-28,-29
13,58,2.38095,2.38095,2.38095,-29,-28,-29
13,59,2.38095,2.38095,2.38095,-29,-28,-29
13,60,2.38095,2.38095,2.38095,-29,-28,-29
13,61,2.38095,2.38095,2.38095,-29,-28,-29
13,62,2.38095,2.38095,2.38095,-29,-28,-29
13,63,2.38095,2.38095,2.38333,-29,-29,-29.02
13,64,2.5,2.38095,2.39286,-30,-29,-29.1
13,65,2.5,2.5,2.5,-30,-29,-30
13,66,2.5,2.5,2.5,-30,-29,-30
13,67,2.5,2.5,2.5,-30,-29,-30
13,68,2.5,2.5,2.5,-30,-29,-30
13,69,2.5,2.5,2.5,-30,-29,-30
13,70,2.5,2.5,2.5,-30,-29,-30
13,71,2.5,2.5,2.5,-30,-29,-30
13,72,2.5,2.5,2.5,-30,-29,-30
13,73,2.5,2.5,2.5,-30,-29,-30
13,74,2.5,2.5,2.5,-30,-29,-30
13,75,2.5,2.5,2.5,-30,-29,-30
14,0,1.31579,0.735294,1.055,-12,18,-1.74
14,1,1.47059,1.06383,1.15204,-16,-3,-6.32
14,2,1.5625,1.19048,1.34041,-18,-8,-12.46
14,3,1.6129,1.47059,1.51446,-19,-16,-16.96
14,4,1.66667,1.5625,1.58616,-20,-18,-18.46
14,5,1.72414,1.66667,1.6773,-21,-20,-20.16
14,6,2.08333,1.66667,1.73996,-26,-20,-21.1
14,7,2.08333,2,2.08348,-26,-25,-26
14,8,2.17391,2.08333,2.09964,-27,-26,-26.18
14,9,2.27273,2.17391,2.18379,-28,-27,-27.1
14,10,2.27273,2.17391,2.24901,-28,-27,-27.76
14,11,2.27273,2.27273,2.27273,-28,-27,-28
14,12,2.27273,2.27273,2.27273,-28,-27,-28
14,13,2.27273,2.27273,2.27273,-28,-27,-28
14,14,2.27273,2.27273,2.27273,-28,-27,-28
14,15,2.27273,2.27273,2.27273,-28,-27,-28
14,16,2.27273,2.27273,2.27273,-28,-27,-28
14,17,2.27273,2.27273,2.27273,-28,-27,-28
14,18,2.27273,2.27273,2.27273,-28,-27,-28
14,19,2.27273,2.27273,2.27273,-28,-27,-28
14,20,2.27273,2.27273,2.27273,-28,-27,-28
14,21,2.27273,2.27273,2.27273,-28,-27,-28
14,22,2.27273,2.27273,2.27273,-28,-27,-28
14,23,2.27273,2.27273,2.27273,-28,-27,-28
14,24,2.27273,2.27273,2.27273,-28,-27,-28
14,25,2.27273,2.27273,2.27273,-28,-27,-28
14,26,2.27273,2.27273,2.27273,-28,-27,-28
14,27,2.27273,2.27273,2.27273,-28,-27,-28
14,28,2.27273,2.27273,2.27273,-28,-27,-28
14,29,2.27273,2.27273,2.27273,-28,-27,-28
14,30,2.27273,2.27273,2.27273,-28,-27,-28
14,31,2.27273,2.27273,2.27273,-28,-27,-28
14,32,2.27273,2.27273,2.27273,-28,-27,-28
14,33,2.27273,2.27273,2.27273,-28,-27,-28
14,34,2.27273,2.27273,2.27273,-28,-27,-28
14,35,2.27273,2.27273,2.27273,-28,-27,-28
14,36,2.27273,2.27273,2.27273,-28,-27,-28
14,37,2.27273,2.27273,2.27273,-28,-27,-28
14,38,2.27273,2.27273,2.27273,-28,-27,-28
14,39,2.27273,2.27273,2.27273,-28,-27,-28
14,40,2.27273,2.27273,2.27273,-28,-27,-28
14,41,2.27273,2.27273,2.27273,-28,-27,-28
14,42,2.27273,2.27273,2.27273,-28,-27,-28
14,43,2.27273,2.27273,2.27273,-28,-27,-28
14,44,2.27273,2.27273,2.27273,-28,-27,-28
14,45,2.27273,2.27273,2.27273,-28,-27,-28
14,46,2.27273,2.27273,2.27273,-28,-27,-28
14,47,2.27273,2.27273,2.27273,-28,-27,-28
14,48,2.27273,2.27273,2.27273,-28,-27,-28
14,49,2.27273,2.27273,2.27273,-28,-27,-28
14,50,2.27273,2.27273,2.27273,-28,-27,-28
14,51,2.27273,2.27273,2.27273,-28,-27,-28
14,52,2.27273,2.27273,2.27273,-28,-27,-28
14,53,2.27273,2.27273,2.27273,-28,-27,-28
14,54,2.27273,2.27273,2.27273,-28,-27,-28
14,55,2.27273,2.27273,2.27273,-28,-27,-28
14,56,2.27273,2.27273,2.27273,-28,-27,-28
14,57,2.27273,2.27273,2.27273,-28,-27,-28
14,58,2.27273,2.27273,2.27489,-28,-28,-28.02
14,59,2.38095,2.27273,2.27922,-29,-28,-28.06
14,60,2.38095,2.27273,2.33117,-29,-28,-28.54
14,61,2.38095,2.38095,2.38095,-29,-28,-29
14,62,2.38095,2.38095,2.38095,-29,-28,-29
14,63,2.38095,2.38095,2.38095,-29,-28,-29
14,64,2.38095,2.38095,2.38095,-29,-28,-29
14,65,2.38095,2.38095,2.38095,-29,-28,-29
14,66,2.38095,2.38095,2.38095,-29,-28,-29
14,67,2.38095,2.38095,2.38095,-29,-28,-29
14,68,2.38095,2.38095,2.38095,-29,-28,-29
14,69,2.38095,2.38095,2.38095,-29,-28,-29
14,70,2.38095,2.38095,2.38095,-29,-28,-29
14,71,2.38095,2.38095,2.38095,-29,-28,-29
14,72,2.38095,2.38095,2.38095,-29,-28,-29
14,73,2.38095,2.38095,2.38095,-29,-28,-29
14,74,2.38095,2.38095,2.38095,-29,-28,-29
14,75,2.38095,2.38095,2.38095,-29,-28,-29
15,0,1.47059,0.78125,1.07262,-16,14,-2.34
15,1,1.35135,1.04167,1.19584,-13,-2,-7.94
15,2,1.51515,1.31579,1.35309,-17,-12,-13
15,3,1.6129,1.38889,1.45403,-19,-14,-15.54
15,4,1.72414,1.51515,1.56321,-21,-17,-17.98
15,5,1.78571,1.6129,1.68782,-22,-19,-20.36
15,6,1.85185,1.72414,1.75834,-23,-21,-21.54
15,7,2,1.78571,1.87395,-25,-22,-23.28
15,8,2,2,2,-25,-22,-25
15,9,2,2,2,-25,-22,-25
15,10,2.08333,2,2.005,-26,-25,-25.06
15,11,2.08333,2,2.05348,-26,-25,-25.64
15,12,2.17391,2.08333,2.11051,-27,-26,-26.3
15,13,2.17391,2.17391,2.17391,-27,-26,-27
15,14,2.17391,2.17391,2.17391,-27,-26,-27
15,15,2.17391,2.17391,2.17391,-27,-26,-27
15,16,2.17391,2.17391,2.17391,-27,-26,-27
15,17,2.17391,2.17391,2.17391,-27,-26,-27
15,18,2.17391,2.17391,2.17391,-27,-26,-27
15,19,2.17391,2.17391,2.17391,-27,-26,-27
15,20,2.17391,2.17391,2.17391,-27,-26,-27
15,21,2.17391,2.17391,2.17391,-27,-26,-27
15,22,2.17391,2.17391,2.17391,-27,-26,-27
15,23,2.17391,2.17391,2.17391,-27,-26,-27
15,24,2.17391,2.17391,2.17391,-27,-26,-27
15,25,2.17391,2.17391,2.17391,-27,-26,-27
15,26,2.17391,2.17391,2.17391,-27,-26,-27
15,27,2.17391,2.17391,2.17391,-27,-26,-27
15,28,2.17391,2.17391,2.17391,-27,-26,-27
15,29,2.17391,2.17391,2.17391,-27,-26,-27
15,30,2.17391,2.17391,2.17391,-27,-26,-27
15,31,2.17391,2.17391,2.17391,-27,-26,-27
15,32,2.17391,2.17391,2.17391,-27,-26,-27
15,33,2.17391,2.17391,2.17391,-27,-26,-27
15,34,2.17391,2.17391,2.17391,-27,-26,-27
15,35,2.17391,2.17391,2.17589,-27,-27,-27.02
15,36,2.27273,2.17391,2.18379,-28,-27,-27.1
15,37,2.27273,2.17391,2.2668,-28,-27,-27.94
15,38,2.27273,2.27273,2.27273,-28,-27,-28
15,39,2.27273,2.27273,2.27273,-28,-27,-28
15,40,2.27273,2.27273,2.27273,-28,-27,-28
15,41,2.27273,2.27273,2.27273,-28,-27,-28
15,42,2.27273,2.27273,2.27273,-28,-27,-28
15,43,2.27273,2.27273,2.27273,-28,-27,-28
15,44,2.27273,2.27273,2.27273,-28,-27,-28
15,45,2.27273,2.27273,2.27273,-28,-27,-28
15,46,2.27273,2.27273,2.27273,-28,-27,-28
15,47,2.27273,2.27273,2.27273,-28,-27,-28
15,48,2.27273,2.27273,2.27273,-28,-27,-28
15,49,2.27273,2.27273,2.27273,-28,-27,-28
15,50,2.27273,2.27273,2.27273,-28,-27,-28
15,51,2.27273,2.27273,2.27273,-28,-27,-28
15,52,2.27273,2.27273,2.27273,-28,-27,-28
15,53,2.27273,2.27273,2.27273,-28,-27,-28
15,54,2.27273,2.27273,2.27273,-28,-27,-28
15,55,2.27273,2.27273,2.27273,-28,-27,-28
15,56,2.27273,2.27273,2.27273,-28,-27,-28
15,57,2.27273,2.27273,2.27489,-28,-28,-28.02
15,58,2.38095,2.27273,2.2987,-29,-28,-28.24
15,59,2.38095,2.38095,2.38095,-29,-28,-29
15,60,2.38095,2.38095,2.38095,-29,-28,-29
15,61,2.38095,2.38095,2.38095,-29,-28,-29
15,62,2.38095,2.38095,2.38095,-29,-28,-29
15,63,2.38095,2.38095,2.38095,-29,-28,-29
15,64,2.38095,2.38095,2.38095,-29,-28,-29
15,65,2.38095,2.38095,2.38095,-29,-28,-29
15,66,2.38095,2.38095,2.38095,-29,-28,-29
15,67,2.38095,2.38095,2.38095,-29,-28,-29
15,68,2.38095,2.38095,2.38095,-29,-28,-29
15,69,2.38095,2.38095,2.38095,-29,-28,-29
15,70,2.38095,2.38095,2.38095,-29,-28,-29
15,71,2.38095,2.38095,2.38095,-29,-28,-29
15,72,2.38095,2.38095,2.38095,-29,-28,-29
15,73,2.38095,2.38095,2.38095,-29,-28,-29
15,74,2.38095,2.38095,2.38095,-29,-28,-29
15,75,2.38095,2.38095,2.38095,-29,-28,-29
16,0,1.38889,0.806452,1.07142,-14,12,-2.74
16,1,1.38889,1.04167,1.14076,-14,-2,-5.9
16,2,1.47059,1.28205,1.36004,-16,-11,-13.16
16,3,1.66667,1.42857,1.48206,-20,-15,-16.2
16,4,1.78571,1.5625,1.63228,-22,-18,-19.32
16,5,1.85185,1.72414,1.78717,-23,-21,-22
16,6,1.92308,1.85185,1.8547,-24,-23,-23.04
16,7,2,1.85185,1.89823,-25,-23,-23.64
16,8,2,2,2,-25,-23,-25
16,9,2,2,2,-25,-23,-25
16,10,2,2,2.00167,-25,-25,-25.02
16,11,2.08333,2,2.01333,-26,-25,-25.16
16,12,2.08333,2.08333,2.08515,-26,-26,-26.02
16,13,2.17391,2.08333,2.09602,-27,-26,-26.14
16,14,2.17391,2.17391,2.17391,-27,-26,-27
16,15,2.17391,2.17391,2.17391,-27,-26,-27
16,16,2.17391,2.17391,2.17391,-27,-26,-27
16,17,2.17391,2.17391,2.17391,-27,-26,-27
16,18,2.17391,2.17391,2.17391,-27,-26,-27
16,19,2.17391,2.17391,2.17589,-27,-27,-27.02
16,20,2.27273,2.17391,2.1917,-28,-27,-27.18
16,21,2.27273,2.27273,2.27273,-28,-27,-28
16,22,2.27273,2.27273,2.27273,-28,-27,-28
16,23,2.27273,2.27273,2.27273,-28,-27,-28
16,24,2.27273,2.27273,2.27273,-28,-27,-28
16,25,2.27273,2.27273,2.27273,-28,-27,-28
16,26,2.27273,2.27273,2.27273,-28,-27,-28
16,27,2.27273,2.27273,2.27273,-28,-27,-28
16,28,2.27273,2.27273,2.27273,-28,-27,-28
16,29,2.27273,2.27273,2.27273,-28,-27,-28
16,30,2.27273,2.27273,2.27273,-28,-27,-28
16,31,2.27273,2.27273,2.27273,-28,-27,-28
16,32,2.27273,2.27273,2.27273,-28,-27,-28
16,33,2.38095,2.27273,2.27706,-29,-28,-28.04
16,34,2.38095,2.27273,2.29654,-29,-28,-28.22
16,35,2.38095,2.38095,2.38095,-29,-28,-29
16,36,2.38095,2.38095,2.38095,-29,-28,-29
16,37,2.38095,2.38095,2.38095,-29,-28,-29
16,38,2.38095,2.38095,2.38095,-29,-28,-29
16,39,2.38095,2.38095,2.38095,-29,-28,-29
16,40,2.38095,2.38095,2.38095,-29,-28,-29
16,41,2.38095,2.38095,2.38095,-29,-28,-29
16,42,2.38095,2.38095,2.38095,-29,-28,-29
16,43,2.38095,2.38095,2.38095,-29,-28,-29
16,44,2.38095,2.38095,2.38095,-29,-28,-29
16,45,2.38095,2.38095,2.38095,-29,-28,-29
16,46,2.38095,2.38095,2.38095,-29,-28,-29
16,47,2.38095,2.38095,2.38095,-29,-28,-29
16,48,2.38095,2.38095,2.38095,-29,-28,-29
16,49,2.38095,2.38095,2.38095,-29,-28,-29
16,50,2.38095,2.38095,2.38095,-29,-28,-29
16,51,2.38095,2.38095,2.38095,-29,-28,-29
16,52,2.38095,2.38095,2.38095,-29,-28,-29
16,53,2.38095,2.38095,2.38095,-29,-28,-29
16,54,2.38095,2.38095,2.38095,-29,-28,-29
16,55,2.38095,2.38095,2.38095,-29,-28,-29
16,56,2.38095,2.38095,2.38095,-29,-28,-29
16,57,2.38095,2.38095,2.38095,-29,-28,-29
16,58,2.38095,2.38095,2.38095,-29,-28,-29
16,59,2.38095,2.38095,2.38095,-29,-28,-29
16,60,2.38095,2.38095,2.38095,-29,-28,-29
16,61,2.38095,2.38095,2.38095,-29,-28,-29
16,62,2.38095,2.38095,2.38095,-29,-28,-29
16,63,2.38095,2.38095,2.38095,-29,-28,-29
16,64,2.38095,2.38095,2.38095,-29,-28,-29
16,65,2.38095,2.38095,2.38095,-29,-28,-29
16,66,2.38095,2.38095,2.38095,-29,-28,-29
16,67,2.38095,2.38095,2.38095,-29,-28,-29
16,68,2.38095,2.38095,2.38095,-29,-28,-29
16,69,2.38095,2.38095,2.38095,-29,-28,-29
16,70,2.38095,2.38095,2.38095,-29,-28,-29
16,71,2.38095,2.38095,2.38095,-29,-28,-29
16,72,2.38095,2.38095,2.38095,-29,-28,-29
16,73,2.38095,2.38095,2.38095,-29,-28,-29
16,74,2.38095,2.38095,2.38095,-29,-28,-29
16,75,2.38095,2.38095,2.38095,-29,-28,-29
17,0,1.5625,0.833333,1.06577,-18,10,-2.1
17,1,1.5625,1.06383,1.15974,-18,-3,-6.52
17,2,1.6129,1.28205,1.41907,-19,-11,-14.56
17,3,1.72414,1.5625,1.59197,-21,-18,-18.56
17,4,1.85185,1.66667,1.71119,-23,-20,-20.76
17,5,1.85185,1.72414,1.78375,-23,-21,-21.94
17,6,1.92308,1.85185,1.8604,-24,-23,-23.12
17,7,1.92308,1.85185,1.90741,-24,-23,-23.78
17,8,2,1.92308,1.93539,-25,-24,-24.16
17,9,2.08333,2,2.01,-26,-25,-25.12
17,10,2.17391,2.08333,2.08696,-27,-26,-26.04
17,11,2.17391,2.08333,2.12319,-27,-26,-26.44
17,12,2.27273,2.17391,2.18182,-28,-27,-27.08
17,13,2.27273,2.17391,2.24722,-28,-27,-27.74
17,14,2.38095,2.27273,2.27706,-29,-28,-28.04
17,15,2.38095,2.27273,2.32035,-29,-28,-28.44
17,16,2.38095,2.38095,2.38095,-29,-28,-29
17,17,2.38095,2.38095,2.38095,-29,-28,-29
17,18,2.38095,2.38095,2.38095,-29,-28,-29
17,19,2.38095,2.38095,2.38095,-29,-28,-29
17,20,2.38095,2.38095,2.38095,-29,-28,-29
17,21,2.38095,2.38095,2.38095,-29,-28,-29
17,22,2.38095,2.38095,2.38095,-29,-28,-29
17,23,2.38095,2.38095,2.38095,-29,-28,-29
17,24,2.38095,2.38095,2.38095,-29,-28,-29
17,25,2.38095,2.38095,2.38095,-29,-28,-29
17,26,2.38095,2.38095,2.38095,-29,-28,-29
17,27,2.38095,2.38095,2.38095,-29,-28,-29
17,28,2.38095,2.38095,2.38095,-29,-28,-29
17,29,2.38095,2.38095,2.38095,-29,-28,-29
17,30,2.38095,2.38095,2.38095,-29,-28,-29
17,31,2.38095,2.38095,2.38095,-29,-28,-29
17,32,2.38095,2.38095,2.38095,-29,-28,-29
17,33,2.38095,2.38095,2.38095,-29,-28,-29
17,34,2.38095,2.38095,2.38095,-29,-28,-29
17,35,2.38095,2.38095,2.38095,-29,-28,-29
17,36,2.38095,2.38095,2.38095,-29,-28,-29
17,37,2.38095,2.38095,2.38095,-29,-28,-29
17,38,2.38095,2.38095,2.38095,-29,-28,-29
17,39,2.38095,2.38095,2.38095,-29,-28,-29
17,40,2.38095,2.38095,2.38095,-29,-28,-29
17,41,2.38095,2.38095,2.38095,-29,-28,-29
17,42,2.38095,2.38095,2.38095,-29,-28,-29
17,43,2.38095,2.38095,2.38095,-29,-28,-29
17,44,2.38095,2.38095,2.38095,-29,-28,-29
17,45,2.38095,2.38095,2.38095,-29,-28,-29
17,46,2.38095,2.38095,2.38095,-29,-28,-29
17,47,2.38095,2.38095,2.38095,-29,-28,-29
17,48,2.38095,2.38095,2.38095,-29,-28,-29
17,49,2.38095,2.38095,2.38095,-29,-28,-29
17,50,2.38095,2.38095,2.38095,-29,-28,-29
17,51,2.38095,2.38095,2.38095,-29,-28,-29
17,52,2.38095,2.38095,2.38095,-29,-28,-29
17,53,2.38095,2.38095,2.38095,-29,-28,-29
17,54,2.38095,2.38095,2.38095,-29,-28,-29
17,55,2.38095,2.38095,2.38095,-29,-28,-29
17,56,2.38095,2.38095,2.38095,-29,-28,-29
17,57,2.38095,2.38095,2.38095,-29,-28,-29
17,58,2.38095,2.38095,2.38095,-29,-28,-29
17,59,2.38095,2.38095,2.38095,-29,-28,-29
17,60,2.38095,2.38095,2.38095,-29,-28,-29
17,61,2.38095,2.38095,2.38095,-29,-28,-29
17,62,2.38095,2.38095,2.38095,-29,-28,-29
17,63,2.38095,2.38095,2.38095,-29,-28,-29
17,64,2.38095,2.38095,2.38095,-29,-28,-29
17,65,2.38095,2.38095,2.38095,-29,-28,-29
17,66,2.38095,2.38095,2.38095,-29,-28,-29
17,67,2.38095,2.38095,2.38095,-29,-28,-29
17,68,2.38095,2.38095,2.38095,-29,-28,-29
17,69,2.38095,2.38095,2.38095,-29,-28,-29
17,70,2.38095,2.38095,2.38095,-29,-28,-29
17,71,2.38095,2.38095,2.38095,-29,-28,-29
17,72,2.38095,2.38095,2.38095,-29,-28,-29
17,73,2.38095,2.38095,2.38095,-29,-28,-29
17,74,2.38095,2.38095,2.38095,-29,-28,-29
17,75,2.38095,2.38095,2.38095,-29,-28,-29
18,0,1.42857,0.806452,1.06317,-15,12,-2.3
18,1,1.47059,1.13636,1.2361,-16,-6,-9.26
18,2,1.66667,1.31579,1.46023,-20,-12,-15.62
18,3,1.85185,1.6129,1.67819,-23,-19,-20.16
18,4,1.85185,1.78571,1.84423,-23,-22,-22.88
18,5,2,1.85185,1.89014,-25,-23,-23.52
18,6,2,2,2,-25,-23,-25
18,7,2,2,2.00167,-25,-25,-25.02
18,8,2.08333,2,2.01833,-26,-25,-25.22
18,9,2.17391,2.08333,2.08877,-27,-26,-26.06
18,10,2.17391,2.08333,2.1306,-27,-26,-26.52
18,11,2.27273,2.17391,2.18972,-28,-27,-27.16
18,12,2.27273,2.27273,2.27273,-28,-27,-28
18,13,2.27273,2.27273,2.27273,-28,-27,-28
18,14,2.27273,2.27273,2.27273,-28,-27,-28
18,15,2.27273,2.27273,2.27273,-28,-27,-28
18,16,2.27273,2.27273,2.27273,-28,-27,-28
18,17,2.27273,2.27273,2.27273,-28,-27,-28
18,18,2.27273,2.27273,2.27273,-28,-27,-28
18,19,2.27273,2.27273,2.27273,-28,-27,-28
18,20,2.27273,2.27273,2.27273,-28,-27,-28
18,21,2.27273,2.27273,2.27273,-28,-27,-28
18,22,2.27273,2.27273,2.27273,-28,-27,-28
18,23,2.27273,2.27273,2.27273,-28,-27,-28
18,24,2.27273,2.27273,2.27273,-28,-27,-28
18,25,2.27273,2.27273,2.27273,-28,-27,-28
18,26,2.27273,2.27273,2.27273,-28,-27,-28
18,27,2.27273,2.27273,2.27273,-28,-27,-28
18,28,2.27273,2.27273,2.27273,-28,-27,-28
18,29,2.27273,2.27273,2.27273,-28,-27,-28
18,30,2.27273,2.27273,2.27273,-28,-27,-28
18,31,2.27273,2.27273,2.27273,-28,-27,-28
18,32,2.27273,2.27273,2.27273,-28,-27,-28
18,33,2.27273,2.27273,2.27273,-28,-27,-28
18,34,2.27273,2.27273,2.27273,-28,-27,-28
18,35,2.27273,2.27273,2.27273,-28,-27,-28
18,36,2.27273,2.27273,2.27489,-28,-28,-28.02
18,37,2.38095,2.27273,2.3052,-29,-28,-28.3
18,38,2.38095,2.38095,2.38095,-29,-28,-29
18,39,2.38095,2.38095,2.38095,-29,-28,-29
18,40,2.38095,2.38095,2.38095,-29,-28,-29
18,41,2.38095,2.38095,2.38095,-29,-28,-29
18,42,2.38095,2.38095,2.38095,-29,-28,-29
18,43,2.38095,2.38095,2.38095,-29,-28,-29
18,44,2.38095,2.38095,2.38095,-29,-28,-29
18,45,2.38095,2.38095,2.38095,-29,-28,-29
18,46,2.38095,2.38095,2.38095,-29,-28,-29
18,47,2.38095,2.38095,2.38095,-29,-28,-29
18,48,2.38095,2.38095,2.38095,-29,-28,-29
18,49,2.38095,2.38095,2.38095,-29,-28,-29
18,50,2.38095,2.38095,2.38095,-29,-28,-29
18,51,2.38095,2.38095,2.38095,-29,-28,-29
18,52,2.38095,2.38095,2.38095,-29,-28,-29
18,53,2.38095,2.38095,2.38095,-29,-28,-29
18,54,2.38095,2.38095,2.38095,-29,-28,-29
18,55,2.38095,2.38095,2.38095,-29,-28,-29
18,56,2.38095,2.38095,2.38095,-29,-28,-29
18,57,2.38095,2.38095,2.38095,-29,-28,-29
18,58,2.38095,2.38095,2.38095,-29,-28,-29
18,59,2.38095,2.38095,2.38095,-29,-28,-29
18,60,2.38095,2.38095,2.38095,-29,-28,-29
18,61,2.38095,2.38095,2.38095,-29,-28,-29
18,62,2.38095,2.38095,2.38095,-29,-28,-29
18,63,2.38095,2.38095,2.38095,-29,-28,-29
18,64,2.38095,2.38095,2.38095,-29,-28,-29
18,65,2.38095,2.38095,2.38095,-29,-28,-29
18,66,2.38095,2.38095,2.38095,-29,-28,-29
18,67,2.38095,2.38095,2.38095,-29,-28,-29
18,68,2.38095,2.38095,2.38095,-29,-28,-29
18,69,2.38095,2.38095,2.38095,-29,-28,-29
18,70,2.38095,2.38095,2.38095,-29,-28,-29
18,71,2.38095,2.38095,2.38095,-29,-28,-29
18,72,2.38095,2.38095,2.38333,-29,-29,-29.02
18,73,2.5,2.38095,2.40714,-30,-29,-29.22
18,74,2.5,2.5,2.5,-30,-29,-30
18,75,2.5,2.5,2.5,-30,-29,-30
19,0,1.47059,0.833333,1.1039,-16,10,-3.82
19,1,1.47059,1.08696,1.22892,-16,-4,-9.02
19,2,1.6129,1.38889,1.47581,-19,-14,-16.04
19,3,1.66667,1.5625,1.58307,-20,-18,-18.4
19,4,1.85185,1.6129,1.65409,-23,-19,-19.74
19,5,1.85185,1.72414,1.7584,-23,-21,-21.54
19,6,2,1.85185,1.86917,-25,-23,-23.24
19,7,2,1.92308,1.94154,-25,-24,-24.24
19,8,2,2,2.00167,-25,-25,-25.02
19,9,2.08333,2,2.01,-26,-25,-25.12
19,10,2.08333,2,2.07,-26,-25,-25.84
19,11,2.08333,2.08333,2.08333,-26,-25,-26
19,12,2.08333,2.08333,2.08333,-26,-25,-26
19,13,2.08333,2.08333,2.08333,-26,-25,-26
19,14,2.08333,2.08333,2.08515,-26,-26,-26.02
19,15,2.17391,2.08333,2.10145,-27,-26,-26.2
19,16,2.17391,2.17391,2.17391,-27,-26,-27
19,17,2.17391,2.17391,2.17391,-27,-26,-27
19,18,2.17391,2.17391,2.17391,-27,-26,-27
19,19,2.17391,2.17391,2.17391,-27,-26,-27
19,20,2.17391,2.17391,2.17589,-27,-27,-27.02
19,21,2.27273,2.17391,2.1917,-28,-27,-27.18
19,22,2.27273,2.27273,2.27273,-28,-27,-28
19,23,2.27273,2.27273,2.27273,-28,-27,-28
19,24,2.27273,2.27273,2.27273,-28,-27,-28
19,25,2.27273,2.27273,2.27273,-28,-27,-28
19,26,2.27273,2.27273,2.27273,-28,-27,-28
19,27,2.27273,2.27273,2.27273,-28,-27,-28
19,28,2.27273,2.27273,2.27273,-28,-27,-28
19,29,2.27273,2.27273,2.27273,-28,-27,-28
19,30,2.27273,2.27273,2.27489,-28,-28,-28.02
19,31,2.38095,2.27273,2.29221,-29,-28,-28.18
19,32,2.38095,2.38095,2.38095,-29,-28,-29
19,33,2.38095,2.38095,2.38095,-29,-28,-29
19,34,2.38095,2.38095,2.38095,-29,-28,-29
19,35,2.38095,2.38095,2.38095,-29,-28,-29
19,36,2.38095,2.38095,2.38095,-29,-28,-29
19,37,2.38095,2.38095,2.38095,-29,-28,-29
19,38,2.38095,2.38095,2.38095,-29,-28,-29
19,39,2.38095,2.38095,2.38095,-29,-28,-29
19,40,2.38095,2.38095,2.38095,-29,-28,-29
19,41,2.38095,2.38095,2.38095,-29,-28,-29
19,42,2.38095,2.38095,2.38095,-29,-28,-29
19,43,2.38095,2.38095,2.38095,-29,-28,-29
19,44,2.38095,2.38095,2.38095,-29,-28,-29
19,45,2.38095,2.38095,2.38095,-29,-28,-29
19,46,2.38095,2.38095,2.38095,-29,-28,-29
19,47,2.38095,2.38095,2.38095,-29,-28,-29
19,48,2.38095,2.38095,2.38095,-29,-28,-29
19,49,2.38095,2.38095,2.38095,-29,-28,-29
19,50,2.38095,2.38095,2.38095,-29,-28,-29
19,51,2.38095,2.38095,2.38095,-29,-28,-29
19,52,2.38095,2.38095,2.38095,-29,-28,-29
19,53,2.38095,2.38095,2.38095,-29,-28,-29
19,54,2.38095,2.38095,2.38095,-29,-28,-29
19,55,2.38095,2.38095,2.38095,-29,-28,-29
19,56,2.38095,2.38095,2.38095,-29,-28,-29
19,57,2.38095,2.38095,2.38095,-29,-28,-29
19,58,2.38095,2.38095,2.38095,-29,-28,-29
19,59,2.38095,2.38095,2.38095,-29,-28,-29
19,60,2.38095,2.38095,2.38095,-29,-28,-29
19,61,2.38095,2.38095,2.38095,-29,-28,-29
19,62,2.38095,2.38095,2.38095,-29,-28,-29
19,63,2.38095,2.38095,2.38095,-29,-28,-29
19,64,2.38095,2.38095,2.38095,-29,-28,-29
19,65,2.38095,2.38095,2.38333,-29,-29,-29.02
19,66,2.5,2.38095,2.39048,-30,-29,-29.08
19,67,2.5,2.38095,2.45476,-30,-29,-29.62
19,68,2.5,2.5,2.5,-30,-29,-30
19,69,2.5,2.5,2.5,-30,-29,-30
19,70,2.5,2.5,2.5,-30,-29,-30
19,71,2.5,2.5,2.5,-30,-29,-30
19,72,2.5,2.5,2.5,-30,-29,-30
19,73,2.5,2.5,2.5,-30,-29,-30
19,74,2.5,2.5,2.5,-30,-29,-30
19,75,2.5,2.5,2.5,-30,-29,-30
20,0,1.6129,0.833333,1.0983,-19,10,-3.42
20,1,2.08333,1.11111,1.39592,-26,-5,-13.38
20,2,2.08333,1.6129,1.90755,-26,-19,-23.42
20,3,2.17391,2.08333,2.10145,-27,-26,-26.2
20,4,2.17391,2.17391,2.17391,-27,-26,-27
20,5,2.17391,2.17391,2.17589,-27,-27,-27.02
20,6,2.27273,2.17391,2.1917,-28,-27,-27.18
20,7,2.27273,2.27273,2.27273,-28,-27,-28
20,8,2.27273,2.27273,2.27273,-28,-27,-28
20,9,2.27273,2.27273,2.27273,-28,-27,-28
20,10,2.27273,2.27273,2.27273,-28,-27,-28
20,11,2.27273,2.27273,2.27273,-28,-27,-28
20,12,2.27273,2.27273,2.27273,-28,-27,-28
20,13,2.27273,2.27273,2.27273,-28,-27,-28
20,14,2.27273,2.27273,2.27273,-28,-27,-28
20,15,2.27273,2.27273,2.27273,-28,-27,-28
20,16,2.27273,2.27273,2.27273,-28,-27,-28
20,17,2.27273,2.27273,2.27273,-28,-27,-28
20,18,2.27273,2.27273,2.27273,-28,-27,-28
20,19,2.27273,2.27273,2.27273,-28,-27,-28
20,20,2.27273,2.27273,2.27273,-28,-27,-28
20,21,2.27273,2.27273,2.27273,-28,-27,-28
20,22,2.27273,2.27273,2.27273,-28,-27,-28
20,23,2.27273,2.27273,2.27273,-28,-27,-28
20,24,2.27273,2.27273,2.27273,-28,-27,-28
20,25,2.27273,2.27273,2.27273,-28,-27,-28
20,26,2.27273,2.27273,2.27273,-28,-27,-28
20,27,2.27273,2.27273,2.27273,-28,-27,-28
20,28,2.27273,2.27273,2.27273,-28,-27,-28
20,29,2.27273,2.27273,2.27273,-28,-27,-28
20,30,2.27273,2.27273,2.27273,-28,-27,-28
20,31,2.27273,2.27273,2.27273,-28,-27,-28
20,32,2.27273,2.27273,2.27273,-28,-27,-28
20,33,2.27273,2.27273,2.27273,-28,-27,-28
20,34,2.27273,2.27273,2.27273,-28,-27,-28
20,35,2.27273,2.27273,2.27273,-28,-27,-28
20,36,2.27273,2.27273,2.27273,-28,-27,-28
20,37,2.27273,2.27273,2.27273,-28,-27,-28
20,38,2.27273,2.27273,2.27273,-28,-27,-28
20,39,2.27273,2.27273,2.27273,-28,-27,-28
20,40,2.27273,2.27273,2.27273,-28,-27,-28
20,41,2.27273,2.27273,2.27273,-28,-27,-28
20,42,2.27273,2.27273,2.27273,-28,-27,-28
20,43,2.27273,2.27273,2.27273,-28,-27,-28
20,44,2.27273,2.27273,2.27489,-28,-28,-28.02
20,45,2.38095,2.27273,2.3052,-29,-28,-28.3
20,46,2.38095,2.38095,2.38095,-29,-28,-29
20,47,2.38095,2.38095,2.38333,-29,-29,-29.02
20,48,2.5,2.38095,2.42381,-30,-29,-29.36
20,49,2.5,2.5,2.5,-30,-29,-30
20,50,2.5,2.5,2.5,-30,-29,-30
20,51,2.5,2.5,2.5,-30,-29,-30
20,52,2.5,2.5,2.5,-30,-29,-30
20,53,2.5,2.5,2.5,-30,-29,-30
20,54,2.5,2.5,2.5,-30,-29,-30
20,55,2.5,2.5,2.5,-30,-29,-30
20,56,2.5,2.5,2.5,-30,-29,-30
20,57,2.5,2.5,2.5,-30,-29,-30
20,58,2.5,2.5,2.5,-30,-29,-30
20,59,2.5,2.5,2.5,-30,-29,-30
20,60,2.5,2.5,2.5,-30,-29,-30
20,61,2.5,2.5,2.5,-30,-29,-30
20,62,2.5,2.5,2.5,-30,-29,-30
20,63,2.5,2.5,2.5,-30,-29,-30
20,64,2.5,2.5,2.5,-30,-29,-30
20,65,2.5,2.5,2.5,-30,-29,-30
20,66,2.5,2.5,2.5,-30,-29,-30
20,67,2.5,2.5,2.5,-30,-29,-30
20,68,2.5,2.5,2.5,-30,-29,-30
20,69,2.5,2.5,2.5,-30,-29,-30
20,70,2.5,2.5,2.5,-30,-29,-30
20,71,2.5,2.5,2.5,-30,-29,-30
20,72,2.5,2.5,2.5,-30,-29,-30
20,73,2.5,2.5,2.5,-30,-29,-30
20,74,2.5,2.5,2.5,-30,-29,-30
20,75,2.5,2.5,2.5,-30,-29,-30
21,0,1.31579,0.769231,1.04207,-12,15,-1.28
21,1,1.38889,1.04167,1.18124,-14,-2,-7.3
21,2,1.47059,1.28205,1.34961,-16,-11,-12.88
21,3,1.72414,1.38889,1.48114,-21,-14,-16.1
21,4,1.85185,1.6129,1.69875,-23,-19,-20.5
21,5,1.92308,1.85185,1.85909,-24,-23,-23.1
21,6,2,1.85185,1.92788,-25,-23,-24.04
21,7,2.08333,2,2.00667,-26,-25,-25.08
21,8,2.08333,2,2.055,-26,-25,-25.66
21,9,2.08333,2.08333,2.08515,-26,-26,-26.02
21,10,2.17391,2.08333,2.10688,-27,-26,-26.26
21,11,2.17391,2.17391,2.17391,-27,-26,-27
21,12,2.17391,2.17391,2.17391,-27,-26,-27
21,13,2.17391,2.17391,2.17391,-27,-26,-27
21,14,2.17391,2.17391,2.17391,-27,-26,-27
21,15,2.17391,2.17391,2.17391,-27,-26,-27
21,16,2.17391,2.17391,2.17391,-27,-26,-27
21,17,2.17391,2.17391,2.17589,-27,-27,-27.02
21,18,2.27273,2.17391,2.1917,-28,-27,-27.18
21,19,2.38095,2.27273,2.27706,-29,-28,-28.04
21,20,2.38095,2.27273,2.31385,-29,-28,-28.38
21,21,2.38095,2.38095,2.38095,-29,-28,-29
21,22,2.38095,2.38095,2.38095,-29,-28,-29
21,23,2.38095,2.38095,2.38095,-29,-28,-29
21,24,2.38095,2.38095,2.38095,-29,-28,-29
21,25,2.38095,2.38095,2.38095,-29,-28,-29
21,26,2.38095,2.38095,2.38095,-29,-28,-29
21,27,2.38095,2.38095,2.38095,-29,-28,-29
21,28,2.38095,2.38095,2.38095,-29,-28,-29
21,29,2.38095,2.38095,2.38095,-29,-28,-29
21,30,2.38095,2.38095,2.38095,-29,-28,-29
21,31,2.38095,2.38095,2.38333,-29,-29,-29.02
21,32,2.5,2.38095,2.39762,-30,-29,-29.14
21,33,2.5,2.5,2.5,-30,-29,-30
21,34,2.5,2.5,2.5,-30,-29,-30
21,35,2.5,2.5,2.5,-30,-29,-30
21,36,2.5,2.5,2.5,-30,-29,-30
21,37,2.5,2.5,2.5,-30,-29,-30
21,38,2.5,2.5,2.5,-30,-29,-30
21,39,2.5,2.5,2.5,-30,-29,-30
21,40,2.5,2.5,2.5,-30,-29,-30
21,41,2.5,2.5,2.5,-30,-29,-30
21,42,2.5,2.5,2.5,-30,-29,-30
21,43,2.5,2.5,2.5,-30,-29,-30
21,44,2.5,2.5,2.5,-30,-29,-30
21,45,2.5,2.5,2.5,-30,-29,-30
21,46,2.5,2.5,2.5,-30,-29,-30
21,47,2.5,2.5,2.5,-30,-29,-30
21,48,2.5,2.5,2.5,-30,-29,-30
21,49,2.5,2.5,2.5,-30,-29,-30
21,50,2.5,2.5,2.5,-30,-29,-30
21,51,2.5,2.5,2.5,-30,-29,-30
21,52,2.5,2.5,2.5,-30,-29,-30
21,53,2.5,2.5,2.5,-30,-29,-30
21,54,2.5,2.5,2.5,-30,-29,-30
21,55,2.5,2.5,2.5,-30,-29,-30
21,56,2.5,2.5,2.5,-30,-29,-30
21,57,2.5,2.5,2.5,-30,-29,-30
21,58,2.5,2.5,2.5,-30,-29,-30
21,59,2.5,2.5,2.5,-30,-29,-30
21,60,2.5,2.5,2.5,-30,-29,-30
21,61,2.5,2.5,2.5,-30,-29,-30
21,62,2.5,2.5,2.5,-30,-29,-30
21,63,2.5,2.5,2.5,-30,-29,-30
21,64,2.5,2.5,2.5,-30,-29,-30
21,65,2.5,2.5,2.5,-30,-29,-30
21,66,2.5,2.5,2.5,-30,-29,-30
21,67,2.5,2.5,2.5,-30,-29,-30
21,68,2.5,2.5,2.5,-30,-29,-30
21,69,2.5,2.5,2.5,-30,-29,-30
21,70,2.5,2.5,2.5,-30,-29,-30
21,71,2.5,2.5,2.5,-30,-29,-30
21,72,2.5,2.5,2.5,-30,-29,-30
21,73,2.5,2.5,2.5,-30,-29,-30
21,74,2.5,2.5,2.5,-30,-29,-30
21,75,2.5,2.5,2.5,-30,-29,-30
22,0,1.42857,0.847458,1.09894,-15,1.13549e-10,-3.72
22,1,1.38889,1.11111,1.22545,-14,-5,-9.06
22,2,1.51515,1.28205,1.34415,-17,-11,-12.7
22,3,1.6129,1.42857,1.51057,-19,-15,-16.86
22,4,1.78571,1.5625,1.60009,-22,-18,-18.72
22,5,1.85185,1.6129,1.67922,-23,-19,-20.16
22,6,1.85185,1.78571,1.83211,-23,-22,-22.7
22,7,1.92308,1.85185,1.88188,-24,-23,-23.42
22,8,2,1.92308,1.95244,-25,-24,-24.38
22,9,2.08333,2,2.02,-26,-25,-25.24
22,10,2.17391,2.08333,2.0942,-27,-26,-26.12
22,11,2.17391,2.17391,2.17589,-27,-27,-27.02
22,12,2.27273,2.17391,2.1917,-28,-27,-27.18
22,13,2.27273,2.27273,2.27273,-28,-27,-28
22,14,2.27273,2.27273,2.27489,-28,-28,-28.02
22,15,2.38095,2.27273,2.30087,-29,-28,-28.26
22,16,2.38095,2.38095,2.38095,-29,-28,-29
22,17,2.38095,2.38095,2.38095,-29,-28,-29
22,18,2.38095,2.38095,2.38095,-29,-28,-29
22,19,2.38095,2.38095,2.38095,-29,-28,-29
22,20,2.38095,2.38095,2.38095,-29,-28,-29
22,21,2.38095,2.38095,2.38095,-29,-28,-29
22,22,2.38095,2.38095,2.38095,-29,-28,-29
22,23,2.38095,2.38095,2.38095,-29,-28,-29
22,24,2.38095,2.38095,2.38095,-29,-28,-29
22,25,2.38095,2.38095,2.38095,-29,-28,-29
22,26,2.38095,2.38095,2.38095,-29,-28,-29
22,27,2.38095,2.38095,2.38095,-29,-28,-29
22,28,2.38095,2.38095,2.38095,-29,-28,-29
22,29,2.38095,2.38095,2.38095,-29,-28,-29
22,30,2.38095,2.38095,2.38095,-29,-28,-29
22,31,2.38095,2.38095,2.38095,-29,-28,-29
22,32,2.38095,2.38095,2.38095,-29,-28,-29
22,33,2.38095,2.38095,2.38095,-29,-28,-29
22,34,2.38095,2.38095,2.38095,-29,-28,-29
22,35,2.38095,2.38095,2.38095,-29,-28,-29
22,36,2.38095,2.38095,2.38095,-29,-28,-29
22,37,2.38095,2.38095,2.38095,-29,-28,-29
22,38,2.38095,2.38095,2.38095,-29,-28,-29
22,39,2.38095,2.38095,2.38095,-29,-28,-29
22,40,2.38095,2.38095,2.38095,-29,-28,-29
22,41,2.38095,2.38095,2.38095,-29,-28,-29
22,42,2.38095,2.38095,2.38095,-29,-28,-29
22,43,2.38095,2.38095,2.38095,-29,-28,-29
22,44,2.38095,2.38095,2.38095,-29,-28,-29
22,45,2.38095,2.38095,2.38095,-29,-28,-29
22,46,2.38095,2.38095,2.38095,-29,-28,-29
22,47,2.38095,2.38095,2.38333,-29,-29,-29.02
22,48,2.5,2.38095,2.4,-30,-29,-29.16
22,49,2.5,2.5,2.5,-30,-29,-30
22,50,2.5,2.5,2.5,-30,-29,-30
22,51,2.5,2.5,2.5,-30,-29,-30
22,52,2.5,2.5,2.5,-30,-29,-30
22,53,2.5,2.5,2.5,-30,-29,-30
22,54,2.5,2.5,2.5,-30,-29,-30
22,55,2.5,2.5,2.5,-30,-29,-30
22,56,2.5,2.5,2.5,-30,-29,-30
22,57,2.5,2.5,2.5,-30,-29,-30
22,58,2.5,2.5,2.5,-30,-29,-30
22,59,2.5,2.5,2.5,-30,-29,-30
22,60,2.5,2.5,2.5,-30,-29,-30
22,61,2.5,2.5,2.5,-30,-29,-30
22,62,2.5,2.5,2.5,-30,-29,-30
22,63,2.5,2.5,2.5,-30,-29,-30
22,64,2.5,2.5,2.5,-30,-29,-30
22,65,2.5,2.5,2.5,-30,-29,-30
22,66,2.5,2.5,2.5,-30,-29,-30
22,67,2.5,2.5,2.5,-30,-29,-30
22,68,2.5,2.5,2.5,-30,-29,-30
22,69,2.5,2.5,2.5,-30,-29,-30
22,70,2.5,2.5,2.5,-30,-29,-30
22,71,2.5,2.5,2.5,-30,-29,-30
22,72,2.5,2.5,2.5,-30,-29,-30
22,73,2.5,2.5,2.5,-30,-29,-30
22,74,2.5,2.5,2.5,-30,-29,-30
22,75,2.5,2.5,2.5,-30,-29,-30
23,0,1.72414,0.862069,1.0781,-21,8,-2.62
23,1,1.47059,1.13636,1.22666,-16,-6,-9.04
23,2,1.51515,1.28205,1.37356,-17,-11,-13.5
23,3,1.78571,1.47059,1.52061,-22,-16,-17.02
23,4,1.92308,1.66667,1.76596,-24,-20,-21.66
23,5,2,1.78571,1.88637,-25,-22,-23.48
23,6,2,1.92308,1.95539,-25,-24,-24.42
23,7,2,2,2.00545,-25,-25,-25.06
23,8,2.27273,2,2.06696,-28,-25,-25.74
23,9,2.27273,2.27273,2.27273,-28,-25,-28
23,10,2.27273,2.27273,2.27273,-28,-25,-28
23,11,2.27273,2.27273,2.27273,-28,-25,-28
23,12,2.27273,2.27273,2.27273,-28,-25,-28
23,13,2.27273,2.27273,2.27273,-28,-25,-28
23,14,2.27273,2.27273,2.27273,-28,-25,-28
23,15,2.27273,2.27273,2.27273,-28,-25,-28
23,16,2.27273,2.27273,2.27273,-28,-25,-28
23,17,2.27273,2.27273,2.27273,-28,-25,-28
23,18,2.27273,2.27273,2.27273,-28,-25,-28
23,19,2.27273,2.27273,2.27273,-28,-25,-28
23,20,2.27273,2.27273,2.27273,-28,-25,-28
23,21,2.27273,2.27273,2.27273,-28,-25,-28
23,22,2.27273,2.27273,2.27273,-28,-25,-28
23,23,2.27273,2.27273,2.27273,-28,-25,-28
23,24,2.27273,2.27273,2.27273,-28,-25,-28
23,25,2.27273,2.27273,2.27273,-28,-25,-28
23,26,2.27273,2.27273,2.27273,-28,-25,-28
23,27,2.27273,2.27273,2.27273,-28,-25,-28
23,28,2.27273,2.27273,2.27273,-28,-25,-28
23,29,2.27273,2.27273,2.27273,-28,-25,-28
23,30,2.27273,2.27273,2.27273,-28,-25,-28
23,31,2.27273,2.27273,2.27489,-28,-28,-28.02
23,32,2.38095,2.27273,2.28788,-29,-28,-28.14
23,33,2.38095,2.38095,2.38095,-29,-28,-29
23,34,2.38095,2.38095,2.38095,-29,-28,-29
23,35,2.38095,2.38095,2.38095,-29,-28,-29
23,36,2.38095,2.38095,2.38095,-29,-28,-29
23,37,2.38095,2.38095,2.38095,-29,-28,-29
23,38,2.38095,2.38095,2.38095,-29,-28,-29
23,39,2.38095,2.38095,2.38095,-29,-28,-29
23,40,2.38095,2.38095,2.38095,-29,-28,-29
23,41,2.38095,2.38095,2.38095,-29,-28,-29
23,42,2.38095,2.38095,2.38095,-29,-28,-29
23,43,2.38095,2.38095,2.38095,-29,-28,-29
23,44,2.38095,2.38095,2.38095,-29,-28,-29
23,45,2.38095,2.38095,2.38095,-29,-28,-29
23,46,2.38095,2.38095,2.38095,-29,-28,-29
23,47,2.38095,2.38095,2.38095,-29,-28,-29
23,48,2.38095,2.38095,2.38095,-29,-28,-29
23,49,2.38095,2.38095,2.38333,-29,-29,-29.02
23,50,2.5,2.38095,2.41428,-30,-29,-29.28
23,51,2.5,2.5,2.5,-30,-29,-30
23,52,2.5,2.5,2.5,-30,-29,-30
23,53,2.5,2.5,2.5,-30,-29,-30
23,54,2.5,2.5,2.5,-30,-29,-30
23,55,2.5,2.5,2.5,-30,-29,-30
23,56,2.5,2.5,2.5,-30,-29,-30
23,57,2.5,2.5,2.5,-30,-29,-30
23,58,2.5,2.5,2.5,-30,-29,-30
23,59,2.5,2.5,2.5,-30,-29,-30
23,60,2.5,2.5,2.5,-30,-29,-30
23,61,2.5,2.5,2.5,-30,-29,-30
23,62,2.5,2.5,2.5,-30,-29,-30
23,63,2.5,2.5,2.5,-30,-29,-30
23,64,2.5,2.5,2.5,-30,-29,-30
23,65,2.5,2.5,2.5,-30,-29,-30
23,66,2.5,2.5,2.5,-30,-29,-30
23,67,2.5,2.5,2.5,-30,-29,-30
23,68,2.5,2.5,2.5,-30,-29,-30
23,69,2.5,2.5,2.5,-30,-29,-30
23,70,2.5,2.5,2.5,-30,-29,-30
23,71,2.5,2.5,2.5,-30,-29,-30
23,72,2.5,2.5,2.5,-30,-29,-30
23,73,2.5,2.5,2.5,-30,-29,-30
23,74,2.5,2.5,2.5,-30,-29,-30
23,75,2.5,2.5,2.5,-30,-29,-30
24,0,1.47059,0.793651,1.0684,-16,13,-1.94
24,1,1.28205,1.08696,1.20853,-11,-4,-8.5
24,2,1.51515,1.28205,1.31358,-17,-11,-11.84
24,3,1.72414,1.38889,1.48938,-21,-14,-16.3
24,4,1.85185,1.5625,1.67064,-23,-18,-20
24,5,1.92308,1.78571,1.80576,-24,-22,-22.3
24,6,2,1.85185,1.88199,-25,-23,-23.42
24,7,2,1.92308,1.94782,-25,-24,-24.32
24,8,2.08333,2,2.02848,-26,-25,-25.34
24,9,2.17391,2.08333,2.10326,-27,-26,-26.22
24,10,2.17391,2.17391,2.17391,-27,-26,-27
24,11,2.17391,2.17391,2.17391,-27,-26,-27
24,12,2.17391,2.17391,2.17589,-27,-27,-27.02
24,13,2.27273,2.17391,2.18972,-28,-27,-27.16
24,14,2.27273,2.27273,2.27273,-28,-27,-28
24,15,2.27273,2.27273,2.27273,-28,-27,-28
24,16,2.27273,2.27273,2.27273,-28,-27,-28
24,17,2.27273,2.27273,2.27273,-28,-27,-28
24,18,2.27273,2.27273,2.27273,-28,-27,-28
24,19,2.27273,2.27273,2.27273,-28,-27,-28
24,20,2.27273,2.27273,2.27273,-28,-27,-28
24,21,2.27273,2.27273,2.27273,-28,-27,-28
24,22,2.27273,2.27273,2.27273,-28,-27,-28
24,23,2.27273,2.27273,2.27273,-28,-27,-28
24,24,2.27273,2.27273,2.27273,-28,-27,-28
24,25,2.27273,2.27273,2.27273,-28,-27,-28
24,26,2.27273,2.27273,2.27273,-28,-27,-28
24,27,2.27273,2.27273,2.27273,-28,-27,-28
24,28,2.27273,2.27273,2.27273,-28,-27,-28
24,29,2.27273,2.27273,2.27273,-28,-27,-28
24,30,2.27273,2.27273,2.27273,-28,-27,-28
24,31,2.27273,2.27273,2.27273,-28,-27,-28
24,32,2.27273,2.27273,2.27273,-28,-27,-28
24,33,2.27273,2.27273,2.27273,-28,-27,-28
24,34,2.27273,2.27273,2.27273,-28,-27,-28
24,35,2.27273,2.27273,2.27273,-28,-27,-28
24,36,2.27273,2.27273,2.27273,-28,-27,-28
24,37,2.27273,2.27273,2.27273,-28,-27,-28
24,38,2.27273,2.27273,2.27273,-28,-27,-28
24,39,2.27273,2.27273,2.27273,-28,-27,-28
24,40,2.27273,2.27273,2.27273,-28,-27,-28
24,41,2.27273,2.27273,2.27273,-28,-27,-28
24,42,2.27273,2.27273,2.27273,-28,-27,-28
24,43,2.27273,2.27273,2.27273,-28,-27,-28
24,44,2.27273,2.27273,2.27273,-28,-27,-28
24,45,2.27273,2.27273,2.27273,-28,-27,-28
24,46,2.27273,2.27273,2.27273,-28,-27,-28
24,47,2.27273,2.27273,2.27273,-28,-27,-28
24,48,2.27273,2.27273,2.27273,-28,-27,-28
24,49,2.27273,2.27273,2.27273,-28,-27,-28
24,50,2.27273,2.27273,2.27273,-28,-27,-28
24,51,2.27273,2.27273,2.27273,-28,-27,-28
24,52,2.27273,2.27273,2.27273,-28,-27,-28
24,53,2.27273,2.27273,2.27273,-28,-27,-28
24,54,2.27273,2.27273,2.27273,-28,-27,-28
24,55,2.27273,2.27273,2.27273,-28,-27,-28
24,56,2.27273,2.27273,2.27273,-28,-27,-28
24,57,2.27273,2.27273,2.27273,-28,-27,-28
24,58,2.27273,2.27273,2.27273,-28,-27,-28
24,59,2.27273,2.27273,2.27273,-28,-27,-28
24,60,2.27273,2.27273,2.27273,-28,-27,-28
24,61,2.27273,2.27273,2.27273,-28,-27,-28
24,62,2.27273,2.27273,2.27273,-28,-27,-28
24,63,2.27273,2.27273,2.27273,-28,-27,-28
24,64,2.27273,2.27273,2.27273,-28,-27,-28
24,65,2.27273,2.27273,2.27273,-28,-27,-28
24,66,2.27273,2.27273,2.27273,-28,-27,-28
24,67,2.27273,2.27273,2.27273,-28,-27,-28
24,68,2.27273,2.27273,2.27273,-28,-27,-28
24,69,2.27273,2.27273,2.27273,-28,-27,-28
24,70,2.27273,2.27273,2.27273,-28,-27,-28
24,71,2.27273,2.27273,2.27273,-28,-27,-28
24,72,2.27273,2.27273,2.27273,-28,-27,-28
24,73,2.27273,2.27273,2.27273,-28,-27,-28
24,74,2.27273,2.27273,2.27273,-28,-27,-28
24,75,2.27273,2.27273,2.27489,-28,-28,-28.02
25,0,1.35135,0.793651,1.0533,-13,13,-1.88
25,1,1.38889,1.06383,1.19863,-14,-3,-7.88
25,2,1.51515,1.35135,1.3819,-17,-13,-13.78
25,3,1.66667,1.42857,1.49609,-20,-15,-16.5
25,4,1.85185,1.5625,1.63373,-23,-18,-19.34
25,5,1.92308,1.72414,1.79487,-24,-21,-22.1
25,6,2,1.85185,1.91766,-25,-23,-23.9
25,7,2,2,2,-25,-23,-25
25,8,2.08333,2,2.005,-26,-25,-25.06
25,9,2.08333,2,2.025,-26,-25,-25.3
25,10,2.17391,2.08333,2.09783,-27,-26,-26.16
25,11,2.17391,2.17391,2.17391,-27,-26,-27
25,12,2.27273,2.17391,2.18577,-28,-27,-27.12
25,13,2.27273,2.27273,2.27273,-28,-27,-28
25,14,2.27273,2.27273,2.27273,-28,-27,-28
25,15,2.27273,2.27273,2.27489,-28,-28,-28.02
25,16,2.38095,2.27273,2.29004,-29,-28,-28.16
25,17,2.38095,2.38095,2.38095,-29,-28,-29
25,18,2.38095,2.38095,2.38095,-29,-28,-29
25,19,2.38095,2.38095,2.38095,-29,-28,-29
25,20,2.38095,2.38095,2.38095,-29,-28,-29
25,21,2.38095,2.38095,2.38095,-29,-28,-29
25,22,2.38095,2.38095,2.38095,-29,-28,-29
25,23,2.38095,2.38095,2.38095,-29,-28,-29
25,24,2.38095,2.38095,2.38095,-29,-28,-29
25,25,2.38095,2.38095,2.38095,-29,-28,-29
25,26,2.38095,2.38095,2.38095,-29,-28,-29
25,27,2.38095,2.38095,2.38095,-29,-28,-29
25,28,2.38095,2.38095,2.38095,-29,-28,-29
25,29,2.38095,2.38095,2.38095,-29,-28,-29
25,30,2.38095,2.38095,2.38095,-29,-28,-29
25,31,2.38095,2.38095,2.38095,-29,-28,-29
25,32,2.38095,2.38095,2.38095,-29,-28,-29
25,33,2.38095,2.38095,2.38095,-29,-28,-29
25,34,2.38095,2.38095,2.38095,-29,-28,-29
25,35,2.38095,2.38095,2.38095,-29,-28,-29
25,36,2.38095,2.38095,2.38095,-29,-28,-29
25,37,2.38095,2.38095,2.38095,-29,-28,-29
25,38,2.38095,2.38095,2.38095,-29,-28,-29
25,39,2.38095,2.38095,2.38095,-29,-28,-29
25,40,2.38095,2.38095,2.38095,-29,-28,-29
25,41,2.38095,2.38095,2.38095,-29,-28,-29
25,42,2.38095,2.38095,2.38095,-29,-28,-29
25,43,2.38095,2.38095,2.38095,-29,-28,-29
25,44,2.38095,2.38095,2.38095,-29,-28,-29
25,45,2.38095,2.38095,2.38095,-29,-28,-29
25,46,2.38095,2.38095,2.38095,-29,-28,-29
25,47,2.38095,2.38095,2.38095,-29,-28,-29
25,48,2.38095,2.38095,2.38095,-29,-28,-29
25,49,2.38095,2.38095,2.38095,-29,-28,-29
25,50,2.38095,2.38095,2.38095,-29,-28,-29
25,51,2.38095,2.38095,2.38095,-29,-28,-29
25,52,2.38095,2.38095,2.38095,-29,-28,-29
25,53,2.38095,2.38095,2.38095,-29,-28,-29
25,54,2.38095,2.38095,2.38095,-29,-28,-29
25,55,2.38095,2.38095,2.38095,-29,-28,-29
25,56,2.38095,2.38095,2.38095,-29,-28,-29
25,57,2.38095,2.38095,2.38095,-29,-28,-29
25,58,2.38095,2.38095,2.38095,-29,-28,-29
25,59,2.38095,2.38095,2.38095,-29,-28,-29
25,60,2.38095,2.38095,2.38095,-29,-28,-29
25,61,2.38095,2.38095,2.38095,-29,-28,-29
25,62,2.38095,2.38095,2.38095,-29,-28,-29
25,63,2.38095,2.38095,2.38095,-29,-28,-29
25,64,2.38095,2.38095,2.38095,-29,-28,-29
25,65,2.38095,2.38095,2.38095,-29,-28,-29
25,66,2.38095,2.38095,2.38095,-29,-28,-29
25,67,2.38095,2.38095,2.38095,-29,-28,-29
25,68,2.38095,2.38095,2.38095,-29,-28,-29
25,69,2.38095,2.38095,2.38095,-29,-28,-29
25,70,2.38095,2.38095,2.38095,-29,-28,-29
25,71,2.38095,2.38095,2.38095,-29,-28,-29
25,72,2.38095,2.38095,2.38095,-29,-28,-29
25,73,2.38095,2.38095,2.38095,-29,-28,-29
25,74,2.38095,2.38095,2.38333,-29,-29,-29.02
25,75,2.5,2.38095,2.40238,-30,-29,-29.18
26,0,1.6129,0.735294,1.0903,-19,18,-2.68
26,1,1.5625,1.11111,1.29979,-18,-5,-10.92
26,2,1.66667,1.5625,1.57084,-20,-18,-18.16
26,3,1.72414,1.5625,1.62721,-21,-18,-19.24
26,4,1.92308,1.72414,1.74081,-24,-21,-21.26
26,5,2,1.78571,1.88629,-25,-22,-23.46
26,6,2,1.92308,1.98474,-25,-24,-24.8
26,7,2.08333,2,2.02333,-26,-25,-25.28
26,8,2.17391,2.08333,2.08696,-27,-26,-26.04
26,9,2.17391,2.08333,2.10326,-27,-26,-26.22
26,10,2.17391,2.17391,2.17589,-27,-27,-27.02
26,11,2.27273,2.17391,2.18775,-28,-27,-27.14
26,12,2.27273,2.27273,2.27273,-28,-27,-28
26,13,2.27273,2.27273,2.27273,-28,-27,-28
26,14,2.27273,2.27273,2.27273,-28,-27,-28
26,15,2.27273,2.27273,2.27273,-28,-27,-28
26,16,2.27273,2.27273,2.27273,-28,-27,-28
26,17,2.27273,2.27273,2.27273,-28,-27,-28
26,18,2.27273,2.27273,2.27273,-28,-27,-28
26,19,2.27273,2.27273,2.27273,-28,-27,-28
26,20,2.27273,2.27273,2.27273,-28,-27,-28
26,21,2.27273,2.27273,2.27273,-28,-27,-28
26,22,2.27273,2.27273,2.27273,-28,-27,-28
26,23,2.27273,2.27273,2.27273,-28,-27,-28
26,24,2.27273,2.27273,2.27273,-28,-27,-28
26,25,2.27273,2.27273,2.27273,-28,-27,-28
26,26,2.27273,2.27273,2.27273,-28,-27,-28
26,27,2.27273,2.27273,2.27273,-28,-27,-28
26,28,2.27273,2.27273,2.27273,-28,-27,-28
26,29,2.27273,2.27273,2.27273,-28,-27,-28
26,30,2.27273,2.27273,2.27273,-28,-27,-28
26,31,2.27273,2.27273,2.27273,-28,-27,-28
26,32,2.27273,2.27273,2.27273,-28,-27,-28
26,33,2.27273,2.27273,2.27273,-28,-27,-28
26,34,2.27273,2.27273,2.27273,-28,-27,-28
26,35,2.27273,2.27273,2.27273,-28,-27,-28
26,36,2.27273,2.27273,2.27273,-28,-27,-28
26,37,2.27273,2.27273,2.27273,-28,-27,-28
26,38,2.27273,2.27273,2.27273,-28,-27,-28
26,39,2.27273,2.27273,2.27273,-28,-27,-28
26,40,2.27273,2.27273,2.27273,-28,-27,-28
26,41,2.27273,2.27273,2.27273,-28,-27,-28
26,42,2.27273,2.27273,2.27273,-28,-27,-28
26,43,2.27273,2.27273,2.27273,-28,-27,-28
26,44,2.27273,2.27273,2.27273,-28,-27,-28
26,45,2.27273,2.27273,2.27273,-28,-27,-28
26,46,2.27273,2.27273,2.27273,-28,-27,-28
26,47,2.27273,2.27273,2.27273,-28,-27,-28
26,48,2.27273,2.27273,2.27273,-28,-27,-28
26,49,2.27273,2.27273,2.27273,-28,-27,-28
26,50,2.27273,2.27273,2.27273,-28,-27,-28
26,51,2.27273,2.27273,2.27273,-28,-27,-28
26,52,2.27273,2.27273,2.27273,-28,-27,-28
26,53,2.27273,2.27273,2.27273,-28,-27,-28
26,54,2.27273,2.27273,2.27273,-28,-27,-28
26,55,2.27273,2.27273,2.27273,-28,-27,-28
26,56,2.27273,2.27273,2.27489,-28,-28,-28.02
26,57,2.38095,2.27273,2.29004,-29,-28,-28.16
26,58,2.38095,2.38095,2.38095,-29,-28,-29
26,59,2.38095,2.38095,2.38095,-29,-28,-29
26,60,2.38095,2.38095,2.38095,-29,-28,-29
26,61,2.38095,2.38095,2.38095,-29,-28,-29
26,62,2.38095,2.38095,2.38095,-29,-28,-29
26,63,2.38095,2.38095,2.38095,-29,-28,-29
26,64,2.38095,2.38095,2.38095,-29,-28,-29
26,65,2.38095,2.38095,2.38095,-29,-28,-29
26,66,2.38095,2.38095,2.38095,-29,-28,-29
26,67,2.38095,2.38095,2.38095,-29,-28,-29
26,68,2.38095,2.38095,2.38095,-29,-28,-29
26,69,2.38095,2.38095,2.38095,-29,-28,-29
26,70,2.38095,2.38095,2.38095,-29,-28,-29
26,71,2.38095,2.38095,2.38095,-29,-28,-29
26,72,2.38095,2.38095,2.38095,-29,-28,-29
26,73,2.38095,2.38095,2.38095,-29,-28,-29
26,74,2.38095,2.38095,2.38095,-29,-28,-29
26,75,2.38095,2.38095,2.38095,-29,-28,-29
27,0,1.51515,0.793651,1.06825,-17,13,-2.22
27,1,1.35135,1.04167,1.13708,-13,-2,-5.84
27,2,1.42857,1.19048,1.30103,-15,-8,-11.44
27,3,1.66667,1.38889,1.43636,-20,-14,-15.08
27,4,1.66667,1.5625,1.62507,-20,-18,-19.22
27,5,1.85185,1.66667,1.69513,-23,-20,-20.46
27,6,2.08333,1.72414,1.79821,-26,-21,-22.14
27,7,2.08333,1.85185,1.936,-26,-23,-24.1
27,8,2.08333,2.08333,2.08333,-26,-23,-26
27,9,2.17391,2.08333,2.08696,-27,-26,-26.04
27,10,2.17391,2.08333,2.1087,-27,-26,-26.28
27,11,2.17391,2.17391,2.17391,-27,-26,-27
27,12,2.17391,2.17391,2.17391,-27,-26,-27
27,13,2.17391,2.17391,2.17391,-27,-26,-27
27,14,2.17391,2.17391,2.17391,-27,-26,-27
27,15,2.17391,2.17391,2.17391,-27,-26,-27
27,16,2.17391,2.17391,2.17391,-27,-26,-27
27,17,2.17391,2.17391,2.17391,-27,-26,-27
27,18,2.17391,2.17391,2.17391,-27,-26,-27
27,19,2.17391,2.17391,2.17391,-27,-26,-27
27,20,2.17391,2.17391,2.17391,-27,-26,-27
27,21,2.17391,2.17391,2.17391,-27,-26,-27
27,22,2.17391,2.17391,2.17391,-27,-26,-27
27,23,2.17391,2.17391,2.17391,-27,-26,-27
27,24,2.27273,2.17391,2.17786,-28,-27,-27.04
27,25,2.27273,2.17391,2.20356,-28,-27,-27.3
27,26,2.27273,2.27273,2.27273,-28,-27,-28
27,27,2.27273,2.27273,2.27273,-28,-27,-28
27,28,2.27273,2.27273,2.27273,-28,-27,-28
27,29,2.27273,2.27273,2.27273,-28,-27,-28
27,30,2.27273,2.27273,2.27273,-28,-27,-28
27,31,2.27273,2.27273,2.27273,-28,-27,-28
27,32,2.27273,2.27273,2.27273,-28,-27,-28
27,33,2.27273,2.27273,2.27273,-28,-27,-28
27,34,2.27273,2.27273,2.27273,-28,-27,-28
27,35,2.27273,2.27273,2.27273,-28,-27,-28
27,36,2.27273,2.27273,2.27273,-28,-27,-28
27,37,2.27273,2.27273,2.27273,-28,-27,-28
27,38,2.27273,2.27273,2.27273,-28,-27,-28
27,39,2.27273,2.27273,2.27273,-28,-27,-28
27,40,2.27273,2.27273,2.27273,-28,-27,-28
27,41,2.27273,2.27273,2.27273,-28,-27,-28
27,42,2.27273,2.27273,2.27489,-28,-28,-28.02
27,43,2.38095,2.27273,2.28139,-29,-28,-28.08
27,44,2.38095,2.27273,2.36147,-29,-28,-28.82
27,45,2.38095,2.38095,2.38333,-29,-29,-29.02
27,46,2.5,2.38095,2.40952,-30,-29,-29.24
27,47,2.5,2.5,2.5,-30,-29,-30
27,48,2.5,2.5,2.5,-30,-29,-30
27,49,2.5,2.5,2.5,-30,-29,-30
27,50,2.5,2.5,2.5,-30,-29,-30
27,51,2.5,2.5,2.5,-30,-29,-30
27,52,2.5,2.5,2.5,-30,-29,-30
27,53,2.5,2.5,2.5,-30,-29,-30
27,54,2.5,2.5,2.5,-30,-29,-30
27,55,2.5,2.5,2.5,-30,-29,-30
27,56,2.5,2.5,2.5,-30,-29,-30
27,57,2.5,2.5,2.5,-30,-29,-30
27,58,2.5,2.5,2.5,-30,-29,-30
27,59,2.5,2.5,2.5,-30,-29,-30
27,60,2.5,2.5,2.5,-30,-29,-30
27,61,2.5,2.5,2.5,-30,-29,-30
27,62,2.5,2.5,2.5,-30,-29,-30
27,63,2.5,2.5,2.5,-30,-29,-30
27,64,2.5,2.5,2.5,-30,-29,-30
27,65,2.5,2.5,2.5,-30,-29,-30
27,66,2.5,2.5,2.5,-30,-29,-30
27,67,2.5,2.5,2.5,-30,-29,-30
27,68,2.5,2.5,2.5,-30,-29,-30
27,69,2.5,2.5,2.5,-30,-29,-30
27,70,2.5,2.5,2.5,-30,-29,-30
27,71,2.5,2.5,2.5,-30,-29,-30
27,72,2.5,2.5,2.5,-30,-29,-30
27,73,2.5,2.5,2.5,-30,-29,-30
27,74,2.5,2.5,2.5,-30,-29,-30
27,75,2.5,2.5,2.5,-30,-29,-30
28,0,1.5625,0.806452,1.06144,-18,1.13549e-10,-2
28,1,1.42857,1.08696,1.22272,-15,-4,-8.92
28,2,1.6129,1.28205,1.38081,-19,-11,-13.6
28,3,1.66667,1.51515,1.55031,-20,-17,-17.72
28,4,1.78571,1.6129,1.66798,-22,-19,-20
28,5,2,1.72414,1.78142,-25,-21,-21.88
28,6,2.17391,1.85185,1.97285,-27,-23,-24.6
28,7,2.17391,2.08333,2.12138,-27,-26,-26.42
28,8,2.17391,2.17391,2.17589,-27,-27,-27.02
28,9,2.27273,2.17391,2.18379,-28,-27,-27.1
28,10,2.27273,2.17391,2.2668,-28,-27,-27.94
28,11,2.27273,2.27273,2.27273,-28,-27,-28
28,12,2.27273,2.27273,2.27273,-28,-27,-28
28,13,2.27273,2.27273,2.27489,-28,-28,-28.02
28,14,2.38095,2.27273,2.29221,-29,-28,-28.18
28,15,2.38095,2.38095,2.38095,-29,-28,-29
28,16,2.38095,2.38095,2.38095,-29,-28,-29
28,17,2.38095,2.38095,2.38095,-29,-28,-29
28,18,2.38095,2.38095,2.38095,-29,-28,-29
28,19,2.38095,2.38095,2.38095,-29,-28,-29
28,20,2.38095,2.38095,2.38095,-29,-28,-29
28,21,2.38095,2.38095,2.38095,-29,-28,-29
28,22,2.38095,2.38095,2.38095,-29,-28,-29
28,23,2.38095,2.38095,2.38095,-29,-28,-29
28,24,2.38095,2.38095,2.38095,-29,-28,-29
28,25,2.38095,2.38095,2.38095,-29,-28,-29
28,26,2.38095,2.38095,2.38095,-29,-28,-29
28,27,2.38095,2.38095,2.38095,-29,-28,-29
28,28,2.38095,2.38095,2.38095,-29,-28,-29
28,29,2.38095,2.38095,2.38095,-29,-28,-29
28,30,2.38095,2.38095,2.38095,-29,-28,-29
28,31,2.38095,2.38095,2.38095,-29,-28,-29
28,32,2.38095,2.38095,2.38095,-29,-28,-29
28,33,2.38095,2.38095,2.38095,-29,-28,-29
28,34,2.38095,2.38095,2.38095,-29,-28,-29
28,35,2.38095,2.38095,2.38095,-29,-28,-29
28,36,2.38095,2.38095,2.38095,-29,-28,-29
28,37,2.38095,2.38095,2.38095,-29,-28,-29
28,38,2.38095,2.38095,2.38095,-29,-28,-29
28,39,2.38095,2.38095,2.38095,-29,-28,-29
28,40,2.38095,2.38095,2.38095,-29,-28,-29
28,41,2.38095,2.38095,2.38095,-29,-28,-29
28,42,2.38095,2.38095,2.38095,-29,-28,-29
28,43,2.38095,2.38095,2.38095,-29,-28,-29
28,44,2.38095,2.38095,2.38095,-29,-28,-29
28,45,2.38095,2.38095,2.38095,-29,-28,-29
28,46,2.38095,2.38095,2.38095,-29,-28,-29
28,47,2.38095,2.38095,2.38095,-29,-28,-29
28,48,2.38095,2.38095,2.38095,-29,-28,-29
28,49,2.38095,2.38095,2.38095,-29,-28,-29
28,50,2.38095,2.38095,2.38095,-29,-28,-29
28,51,2.38095,2.38095,2.38095,-29,-28,-29
28,52,2.38095,2.38095,2.38095,-29,-28,-29
28,53,2.38095,2.38095,2.38095,-29,-28,-29
28,54,2.38095,2.38095,2.38095,-29,-28,-29
28,55,2.38095,2.38095,2.38095,-29,-28,-29
28,56,2.38095,2.38095,2.38095,-29,-28,-29
28,57,2.38095,2.38095,2.38095,-29,-28,-29
28,58,2.38095,2.38095,2.38095,-29,-28,-29
28,59,2.38095,2.38095,2.38095,-29,-28,-29
28,60,2.38095,2.38095,2.38095,-29,-28,-29
28,61,2.38095,2.38095,2.38095,-29,-28,-29
28,62,2.38095,2.38095,2.38095,-29,-28,-29
28,63,2.38095,2.38095,2.38095,-29,-28,-29
28,64,2.38095,2.38095,2.38095,-29,-28,-29
28,65,2.38095,2.38095,2.38095,-29,-28,-29
28,66,2.38095,2.38095,2.38095,-29,-28,-29
28,67,2.38095,2.38095,2.38095,-29,-28,-29
28,68,2.38095,2.38095,2.38095,-29,-28,-29
28,69,2.38095,2.38095,2.38095,-29,-28,-29
28,70,2.38095,2.38095,2.38095,-29,-28,-29
28,71,2.38095,2.38095,2.38095,-29,-28,-29
28,72,2.38095,2.38095,2.38095,-29,-28,-29
28,73,2.38095,2.38095,2.38095,-29,-28,-29
28,74,2.38095,2.38095,2.38095,-29,-28,-29
28,75,2.38095,2.38095,2.38095,-29,-28,-29
29,0,1.42857,0.746269,1.06844,-15,17,-2.3
29,1,1.38889,1.11111,1.2114,-14,-5,-8.56
29,2,1.51515,1.35135,1.39574,-17,-13,-14.12
29,3,1.78571,1.47059,1.54953,-22,-16,-17.62
29,4,1.85185,1.72414,1.77879,-23,-21,-21.88
29,5,1.92308,1.78571,1.82316,-24,-22,-22.56
29,6,2,1.85185,1.91345,-25,-23,-23.86
29,7,2,1.92308,1.96616,-25,-24,-24.56
29,8,2.08333,2,2.00333,-26,-25,-25.04
29,9,2.08333,2,2.02833,-26,-25,-25.34
29,10,2.08333,2.08333,2.08333,-26,-25,-26
29,11,2.08333,2.08333,2.08333,-26,-25,-26
29,12,2.17391,2.08333,2.08696,-27,-26,-26.04
29,13,2.17391,2.08333,2.11775,-27,-26,-26.38
29,14,2.17391,2.17391,2.17391,-27,-26,-27
29,15,2.17391,2.17391,2.17391,-27,-26,-27
29,16,2.17391,2.17391,2.17391,-27,-26,-27
29,17,2.17391,2.17391,2.17391,-27,-26,-27
29,18,2.17391,2.17391,2.17391,-27,-26,-27
29,19,2.17391,2.17391,2.17391,-27,-26,-27
29,20,2.17391,2.17391,2.17391,-27,-26,-27
29,21,2.17391,2.17391,2.17391,-27,-26,-27
29,22,2.17391,2.17391,2.17391,-27,-26,-27
29,23,2.17391,2.17391,2.17589,-27,-27,-27.02
29,24,2.27273,2.17391,2.18182,-28,-27,-27.08
29,25,2.27273,2.17391,2.2253,-28,-27,-27.52
29,26,2.27273,2.27273,2.27273,-28,-27,-28
29,27,2.27273,2.27273,2.27273,-28,-27,-28
29,28,2.27273,2.27273,2.27273,-28,-27,-28
29,29,2.27273,2.27273,2.27273,-28,-27,-28
29,30,2.27273,2.27273,2.27273,-28,-27,-28
29,31,2.27273,2.27273,2.27273,-28,-27,-28
29,32,2.27273,2.27273,2.27273,-28,-27,-28
29,33,2.27273,2.27273,2.27489,-28,-28,-28.02
29,34,2.38095,2.27273,2.29437,-29,-28,-28.2
29,35,2.38095,2.38095,2.38095,-29,-28,-29
29,36,2.38095,2.38095,2.38095,-29,-28,-29
29,37,2.38095,2.38095,2.38095,-29,-28,-29
29,38,2.38095,2.38095,2.38095,-29,-28,-29
29,39,2.38095,2.38095,2.38095,-29,-28,-29
29,40,2.38095,2.38095,2.38095,-29,-28,-29
29,41,2.38095,2.38095,2.38095,-29,-28,-29
29,42,2.38095,2.38095,2.38095,-29,-28,-29
29,43,2.38095,2.38095,2.38095,-29,-28,-29
29,44,2.38095,2.38095,2.38095,-29,-28,-29
29,45,2.38095,2.38095,2.38095,-29,-28,-29
29,46,2.38095,2.38095,2.38095,-29,-28,-29
29,47,2.38095,2.38095,2.38095,-29,-28,-29
29,48,2.38095,2.38095,2.38095,-29,-28,-29
29,49,2.38095,2.38095,2.38095,-29,-28,-29
29,50,2.38095,2.38095,2.38095,-29,-28,-29
29,51,2.38095,2.38095,2.38095,-29,-28,-29
29,52,2.38095,2.38095,2.38095,-29,-28,-29
29,53,2.38095,2.38095,2.38095,-29,-28,-29
29,54,2.38095,2.38095,2.38095,-29,-28,-29
29,55,2.38095,2.38095,2.38095,-29,-28,-29
29,56,2.38095,2.38095,2.38095,-29,-28,-29
29,57,2.38095,2.38095,2.38333,-29,-29,-29.02
29,58,2.5,2.38095,2.39762,-30,-29,-29.14
29,59,2.5,2.5,2.5,-30,-29,-30
29,60,2.5,2.5,2.5,-30,-29,-30
29,61,2.5,2.5,2.5,-30,-29,-30
29,62,2.5,2.5,2.5,-30,-29,-30
29,63,2.5,2.5,2.5,-30,-29,-30
29,64,2.5,2.5,2.5,-30,-29,-30
29,65,2.5,2.5,2.5,-30,-29,-30
29,66,2.5,2.5,2.5,-30,-29,-30
29,67,2.5,2.5,2.5,-30,-29,-30
29,68,2.5,2.5,2.5,-30,-29,-30
29,69,2.5,2.5,2.5,-30,-29,-30
29,70,2.5,2.5,2.5,-30,-29,-30
29,71,2.5,2.5,2.5,-30,-29,-30
29,72,2.5,2.5,2.5,-30,-29,-30
29,73,2.5,2.5,2.5,-30,-29,-30
29,74,2.5,2.5,2.5,-30,-29,-30
29,75,2.5,2.5,2.5,-30,-29,-30
30,0,1.35135,0.819672,1.06609,-13,11,-2.4
30,1,1.31579,1.11111,1.19417,-12,-5,-7.98
30,2,1.51515,1.31579,1.33878,-17,-12,-12.58
30,3,1.6129,1.35135,1.51157,-19,-13,-16.86
30,4,1.78571,1.6129,1.65427,-22,-19,-19.74
30,5,1.92308,1.72414,1.76165,-24,-21,-21.6
30,6,2,1.78571,1.83244,-25,-22,-22.68
30,7,2,1.92308,1.96,-25,-24,-24.48
30,8,2.08333,2,2.005,-26,-25,-25.06
30,9,2.08333,2,2.05681,-26,-25,-25.68
30,10,2.17391,2.08333,2.10326,-27,-26,-26.22
30,11,2.27273,2.17391,2.18379,-28,-27,-27.1
30,12,2.38095,2.27273,2.27922,-29,-28,-28.06
30,13,2.38095,2.27273,2.32468,-29,-28,-28.48
30,14,2.38095,2.38095,2.38095,-29,-28,-29
30,15,2.38095,2.38095,2.38095,-29,-28,-29
30,16,2.38095,2.38095,2.38095,-29,-28,-29
30,17,2.38095,2.38095,2.38095,-29,-28,-29
30,18,2.38095,2.38095,2.38095,-29,-28,-29
30,19,2.38095,2.38095,2.38095,-29,-28,-29
30,20,2.38095,2.38095,2.38095,-29,-28,-29
30,21,2.38095,2.38095,2.38095,-29,-28,-29
30,22,2.38095,2.38095,2.38095,-29,-28,-29
30,23,2.38095,2.38095,2.38333,-29,-29,-29.02
30,24,2.5,2.38095,2.41667,-30,-29,-29.3
30,25,2.5,2.5,2.5,-30,-29,-30
30,26,2.5,2.5,2.5,-30,-29,-30
30,27,2.5,2.5,2.5,-30,-29,-30
30,28,2.5,2.5,2.5,-30,-29,-30
30,29,2.5,2.5,2.5,-30,-29,-30
30,30,2.5,2.5,2.5,-30,-29,-30
30,31,2.5,2.5,2.5,-30,-29,-30
30,32,2.5,2.5,2.5,-30,-29,-30
30,33,2.5,2.5,2.5,-30,-29,-30
30,34,2.5,2.5,2.5,-30,-29,-30
30,35,2.5,2.5,2.5,-30,-29,-30
30,36,2.5,2.5,2.5,-30,-29,-30
30,37,2.5,2.5,2.5,-30,-29,-30
30,38,2.5,2.5,2.5,-30,-29,-30
30,39,2.5,2.5,2.5,-30,-29,-30
30,40,2.5,2.5,2.5,-30,-29,-30
30,41,2.5,2.5,2.5,-30,-29,-30
30,42,2.5,2.5,2.5,-30,-29,-30
30,43,2.5,2.5,2.5,-30,-29,-30
30,44,2.5,2.5,2.5,-30,-29,-30
30,45,2.5,2.5,2.5,-30,-29,-30
30,46,2.5,2.5,2.5,-30,-29,-30
30,47,2.5,2.5,2.5,-30,-29,-30
30,48,2.5,2.5,2.5,-30,-29,-30
30,49,2.5,2.5,2.5,-30,-29,-30
30,50,2.5,2.5,2.5,-30,-29,-30
30,51,2.5,2.5,2.5,-30,-29,-30
30,52,2.5,2.5,2.5,-30,-29,-30
30,53,2.5,2.5,2.5,-30,-29,-30
30,54,2.5,2.5,2.5,-30,-29,-30
30,55,2.5,2.5,2.5,-30,-29,-30
30,56,2.5,2.5,2.5,-30,-29,-30
30,57,2.5,2.5,2.5,-30,-29,-30
30,58,2.5,2.5,2.5,-30,-29,-30
30,59,2.5,2.5,2.5,-30,-29,-30
30,60,2.5,2.5,2.5,-30,-29,-30
30,61,2.5,2.5,2.5,-30,-29,-30
30,62,2.5,2.5,2.5,-30,-29,-30
30,63,2.5,2.5,2.5,-30,-29,-30
30,64,2.5,2.5,2.5,-30,-29,-30
30,65,2.5,2.5,2.5,-30,-29,-30
30,66,2.5,2.5,2.5,-30,-29,-30
30,67,2.5,2.5,2.5,-30,-29,-30
30,68,2.5,2.5,2.5,-30,-29,-30
30,69,2.5,2.5,2.5,-30,-29,-30
30,70,2.5,2.5,2.5,-30,-29,-30
30,71,2.5,2.5,2.5,-30,-29,-30
30,72,2.5,2.5,2.5,-30,-29,-30
30,73,2.5,2.5,2.5,-30,-29,-30
30,74,2.5,2.5,2.5,-30,-29,-30
30,75,2.5,2.5,2.5,-30,-29,-30
