Seed,Gen,MaxFitness,MinFitness,AvgFitness
1,0,0.720424,0.000509005,0.0324618
1,1,0.750289,0.00102828,0.447281
1,2,0.750289,0.00197929,0.669697
1,3,0.750289,0.438531,0.636481
1,4,0.772935,0.438531,0.701123
1,5,0.772935,0.00209797,0.672281
1,6,0.787699,0.154951,0.611611
1,7,0.787699,0.00231753,0.680451
1,8,0.787699,0.457954,0.724016
1,9,0.758633,0.466074,0.695372
1,10,0.743041,0.165971,0.713944
1,11,0.73429,0.678428,0.715458
1,12,0.727262,0.00877139,0.680498
1,13,0.727262,0.00244753,0.665988
1,14,0.743041,0.00877139,0.697388
1,15,0.768303,0.00245749,0.656617
1,16,0.762347,0.450747,0.712022
1,17,0.762515,0.450533,0.700232
1,18,0.777634,0.0319726,0.693539
1,19,0.777634,0.00245749,0.702035
1,20,0.777634,0.00254719,0.713169
1,21,0.777634,0.317633,0.729237
1,22,0.777634,0.00246224,0.699308
1,23,0.78898,0.0321949,0.710081
1,24,0.783511,0.00910639,0.698708
1,25,0.783511,0.450747,0.726469
1,26,0.794016,0.684699,0.748409
1,27,0.794016,0.00883585,0.716985
1,28,0.803586,0.662646,0.73045
1,29,0.768303,0.719058,0.722833
1,30,0.727262,0.719058,0.719878
1,31,0.735264,0.719058,0.71971
1,32,0.727262,0.719058,0.719878
1,33,0.768303,0.00210997,0.695417
1,34,0.727262,0.719058,0.721336
1,35,0.73429,0.00245749,0.6952
1,36,0.73429,0.156408,0.710804
1,37,0.73429,0.684699,0.721947
1,38,0.727262,0.684699,0.721561
1,39,0.73129,0.00245749,0.706663
1,40,0.73129,0.684699,0.724169
1,41,0.727262,0.257648,0.711045
1,42,0.727262,0.161474,0.712462
1,43,0.727262,0.00244753,0.679543
1,44,0.777634,0.00210997,0.701949
1,45,0.727262,0.0321949,0.701061
1,46,0.727262,0.00883585,0.711745
1,47,0.783511,0.00245749,0.702083
1,48,0.783511,0.719058,0.731078
1,49,0.783511,0.0169164,0.733672
1,50,0.803586,0.719058,0.745007
1,51,0.783511,0.00212206,0.727192
1,52,0.783511,0.296332,0.728863
1,53,0.783511,0.00212206,0.692012
1,54,0.783511,0.00244753,0.723918
1,55,0.783511,0.00212206,0.702443
1,56,0.783511,0.00241927,0.750816
1,57,0.783511,0.727262,0.775636
1,58,0.783511,0.156408,0.761851
1,59,0.783511,0.00233378,0.749898
1,60,0.783511,0.16568,0.771154
1,61,0.783511,0.00241927,0.759899
1,62,0.783511,0.00241927,0.729793
1,63,0.783511,0.00910639,0.740109
1,64,0.783511,0.296332,0.760597
1,65,0.783511,0.521963,0.760696
1,66,0.797283,0.00221785,0.763136
1,67,0.783511,0.783511,0.783511
1,68,0.783511,0.669488,0.780716
1,69,0.783511,0.773827,0.783272
1,70,0.783511,0.0340945,0.762091
1,71,0.803586,0.002222,0.768077
1,72,0.786298,0.727262,0.782324
1,73,0.783511,0.144715,0.770617
1,74,0.786298,0.657912,0.781009
1,75,0.783511,0.144715,0.765504
1,76,0.783511,0.00233378,0.749332
1,77,0.783511,0.669488,0.778593
1,78,0.783511,0.521963,0.77508
1,79,0.783511,0.16568,0.763119
1,80,0.783511,0.727262,0.778682
1,81,0.783511,0.696544,0.7737
1,82,0.786298,0.321955,0.773093
1,83,0.783511,0.521963,0.76478
1,84,0.783511,0.002222,0.728959
1,85,0.783511,0.00241927,0.739974
1,86,0.786298,0.657912,0.75518
1,87,0.787699,0.00233378,0.732826
1,88,0.803586,0.00241927,0.72525
1,89,0.783511,0.14373,0.72243
1,90,0.787699,0.321955,0.757146
1,91,0.783511,0.296332,0.752774
1,92,0.783511,0.16568,0.757654
1,93,0.783511,0.00883585,0.743062
1,94,0.783511,0.002222,0.697561
1,95,0.786298,0.321955,0.744114
1,96,0.783511,0.00910639,0.733722
1,97,0.783511,0.16568,0.734172
1,98,0.783511,0.0340945,0.737922
1,99,0.787699,0.00233378,0.731203
1,100,0.797283,0.144715,0.754641
2,0,0.651058,0.000331154,0.0343417
2,1,0.701899,0.00402633,0.367727
2,2,0.759187,0.000758861,0.48179
2,3,0.759187,0.424632,0.58006
2,4,0.75014,0.471732,0.606538
2,5,0.74553,0.472675,0.607281
2,6,0.763619,0.455577,0.608863
2,7,0.763619,0.503941,0.635468
2,8,0.763619,0.00810184,0.642563
2,9,0.763619,0.50704,0.679124
2,10,0.763619,0.027017,0.676489
2,11,0.763619,0.00878024,0.679955
2,12,0.763619,0.50704,0.690753
2,13,0.759187,0.0317496,0.703081
2,14,0.759187,0.0314191,0.631641
2,15,0.74553,0.00871513,0.559133
2,16,0.74553,0.0520372,0.543476
2,17,0.74553,0.471214,0.572988
2,18,0.74553,0.501409,0.609625
2,19,0.74553,0.495842,0.642534
2,20,0.74553,0.002483,0.654666
2,21,0.74553,0.00325768,0.6783
2,22,0.74553,0.00846175,0.703061
2,23,0.74553,0.00208856,0.693303
2,24,0.752133,0.653652,0.721311
2,25,0.874927,0.6844,0.737373
2,26,0.754693,0.00325034,0.700621
2,27,0.754693,0.375153,0.718766
2,28,0.754693,0.00208475,0.704325
2,29,0.754693,0.00325768,0.71569
2,30,0.827399,0.176679,0.701874
2,31,0.74553,0.523089,0.715528
2,32,0.74553,0.0872712,0.70753
2,33,0.74553,0.0872712,0.695102
2,34,0.74553,0.437043,0.72397
2,35,0.74553,0.385329,0.71684
2,36,0.73356,0.00867693,0.710951
2,37,0.74553,0.613403,0.712285
2,38,0.87221,0.427894,0.726345
2,39,0.73356,0.0599524,0.710445
2,40,0.73356,0.00867693,0.710767
2,41,0.73356,0.00204029,0.685578
2,42,0.73356,0.73356,0.73356
2,43,0.73356,0.176679,0.722302
2,44,0.73828,0.002483,0.712351
2,45,0.73356,0.002483,0.684765
2,46,0.73356,0.00867693,0.717464
2,47,0.742951,0.00186098,0.704616
2,48,0.742951,0.00204029,0.718886
2,49,0.742951,0.176679,0.708261
2,50,0.87221,0.00323624,0.709745
2,51,0.873538,0.0311611,0.705326
2,52,0.82075,0.398245,0.732429
2,53,0.742951,0.378098,0.732649
2,54,0.82726,0.582177,0.736974
2,55,0.82075,0.582177,0.740254
2,56,0.82726,0.73356,0.750949
2,57,0.82726,0.0872712,0.734496
2,58,0.82726,0.73356,0.754378
2,59,0.82726,0.00247806,0.732592
2,60,0.873538,0.73356,0.762853
2,61,0.873538,0.00247806,0.748399
2,62,0.873538,0.39112,0.758442
2,63,0.873538,0.0862951,0.756366
2,64,0.873538,0.742951,0.79975
2,65,0.873538,0.524339,0.774052
2,66,0.873538,0.742951,0.782107
2,67,0.873538,0.00870918,0.788234
2,68,0.873538,0.378098,0.79261
2,69,0.8755,0.398245,0.785491
2,70,0.873538,0.0313782,0.767438
2,71,0.873538,0.0313782,0.754533
2,72,0.873538,0.0624385,0.751756
2,73,0.873538,0.036097,0.796719
2,74,0.873538,0.17406,0.809748
2,75,0.873538,0.00203662,0.802266
2,76,0.874369,0.00247806,0.827068
2,77,0.873538,0.036097,0.844094
2,78,0.873538,0.873538,0.873539
2,79,0.8755,0.00185778,0.834871
2,80,0.873975,0.0646624,0.836096
2,81,0.8755,0.036097,0.856829
2,82,0.8755,0.788228,0.872107
2,83,0.8755,0.412741,0.844005
2,84,0.873538,0.00373386,0.78179
2,85,0.873975,0.0646624,0.816421
2,86,0.873538,0.0539615,0.800929
2,87,0.873538,0.00373386,0.812999
2,88,0.874259,0.00359377,0.827122
2,89,0.8755,0.0646624,0.832472
2,90,0.873538,0.00237973,0.814169
2,91,0.873538,0.750953,0.826606
2,92,0.873538,0.0646624,0.816412
2,93,0.874369,0.0646624,0.813016
2,94,0.874369,0.0018514,0.790203
2,95,0.874369,0.00246174,0.775022
2,96,0.873975,0.00373386,0.804358
2,97,0.874369,0.00246174,0.846045
2,98,0.873975,0.788228,0.865217
2,99,0.874194,0.0362317,0.839324
2,100,0.875557,0.0362317,0.857098
3,0,0.667148,0.000564035,0.0416358
3,1,0.75142,0.00125316,0.20545
3,2,0.751505,0.0176706,0.398375
3,3,0.748467,0.00160774,0.44414
3,4,0.751505,0.0171715,0.493543
3,5,0.751505,0.0171715,0.630252
3,6,0.822467,0.0161514,0.399067
3,7,0.894476,0.00254994,0.574773
3,8,0.870621,0.00998272,0.611728
3,9,0.870621,0.0440205,0.662315
3,10,0.870621,0.00828237,0.623797
3,11,0.857033,0.461375,0.672837
3,12,0.857033,0.667148,0.686995
3,13,0.857033,0.0171715,0.674939
3,14,0.988079,0.041776,0.716491
3,15,0.902057,0.0568881,0.725861
3,16,0.902057,0.528095,0.755292
3,17,0.997644,0.00240671,0.860353
3,18,0.911892,0.0472073,0.850334
3,19,0.902057,0.00115333,0.834009
3,20,0.970406,0.902057,0.903621
3,21,0.911892,0.00115333,0.884174
3,22,0.911892,0.527186,0.895266
3,23,0.911892,0.70505,0.898034
3,24,0.922291,0.541611,0.891098
3,25,0.970406,0.00888086,0.885966
3,26,0.902057,0.0181722,0.884273
3,27,0.911892,0.859602,0.899707
3,28,0.902057,0.00888086,0.884194
3,29,0.902057,0.541503,0.894846
3,30,0.902057,0.131189,0.879429
3,31,0.902057,0.0659756,0.885229
3,32,0.902057,0.131189,0.88664
3,33,0.902057,0.859602,0.901209
3,34,0.902057,0.166575,0.876199
3,35,0.922291,0.0181722,0.884678
3,36,0.902057,0.00115333,0.866021
3,37,0.902057,0.0181722,0.861464
3,38,0.902057,0.00115333,0.843094
3,39,0.902057,0.517357,0.863587
3,40,0.902057,0.813622,0.900182
3,41,0.902057,0.00245539,0.875471
3,42,0.902057,0.0472073,0.883192
3,43,0.997644,0.859602,0.90312
3,44,0.911892,0.541503,0.895043
3,45,0.902057,0.00115333,0.883933
3,46,0.902057,0.517357,0.894364
3,47,0.911892,0.00120509,0.814991
3,48,0.902057,0.0365912,0.713557
3,49,0.902057,0.00115333,0.822487
3,50,0.902057,0.166575,0.879468
3,51,0.922291,0.902057,0.902462
3,52,0.922291,0.0472073,0.885365
3,53,0.902057,0.521503,0.887235
3,54,0.902057,0.00888086,0.883979
3,55,0.902057,0.0416576,0.812167
3,56,0.902057,0.00115333,0.861415
3,57,0.902057,0.00115333,0.875496
3,58,0.902057,0.0659756,0.885336
3,59,0.902057,0.00245539,0.861552
3,60,0.970406,0.541503,0.896213
3,61,0.997644,0.00115333,0.888034
3,62,0.970406,0.00888086,0.861084
3,63,0.902057,0.0114684,0.738591
3,64,0.912395,0.521503,0.772661
3,65,0.970406,0.521503,0.888283
3,66,0.970406,0.00888086,0.870144
3,67,0.922291,0.857033,0.901562
3,68,0.997644,0.902057,0.904374
3,69,0.997644,0.00115333,0.894226
3,70,0.997695,0.902057,0.929061
3,71,0.997644,0.902057,0.928822
3,72,0.997644,0.0659756,0.897863
3,73,0.997644,0.00245539,0.873084
3,74,0.997644,0.00940887,0.8864
3,75,0.997644,0.00238329,0.918761
3,76,0.997644,0.00115333,0.916795
3,77,0.997644,0.902057,0.950236
3,78,0.997644,0.0370296,0.907256
3,79,0.997644,0.859602,0.926488
3,80,0.997644,0.850225,0.898959
3,81,0.997644,0.0519815,0.903825
3,82,0.902057,0.0472073,0.852992
3,83,0.902057,0.541503,0.840972
3,84,0.902057,0.541503,0.855175
3,85,0.902057,0.00888086,0.881493
3,86,0.911892,0.00888086,0.849806
3,87,0.902057,0.166575,0.864944
3,88,0.902057,0.902057,0.902058
3,89,0.902057,0.0472073,0.87775
3,90,0.902057,0.541611,0.894849
3,91,0.902057,0.166575,0.883408
3,92,0.902057,0.0416576,0.88485
3,93,0.902057,0.131189,0.851317
3,94,0.902057,0.70505,0.873627
3,95,0.902057,0.00115333,0.807455
3,96,0.997644,0.902057,0.903969
3,97,0.997644,0.902057,0.911616
3,98,0.997644,0.896735,0.907686
3,99,0.902057,0.0472073,0.884111
3,100,0.997644,0.70505,0.900029
4,0,0.841197,0.000392505,0.0275425
4,1,0.879922,0.00320492,0.758828
4,2,0.849118,0.108542,0.826703
4,3,0.851137,0.424899,0.83307
4,4,0.903057,0.306984,0.799043
4,5,0.851137,0.0236775,0.782121
4,6,0.841197,0.306984,0.830513
4,7,0.841197,0.841197,0.841198
4,8,0.879922,0.00345949,0.814922
4,9,0.890896,0.819176,0.845649
4,10,0.879922,0.00345949,0.829896
4,11,0.870153,0.841197,0.854032
4,12,0.879922,0.00616712,0.843327
4,13,0.879922,0.841197,0.860274
4,14,0.870153,0.832117,0.858069
4,15,0.858216,0.00353367,0.804897
4,16,0.879922,0.538807,0.848504
4,17,0.879922,0.858216,0.858888
4,18,0.887401,0.033751,0.831254
4,19,0.879922,0.851504,0.858516
4,20,0.879922,0.196899,0.839845
4,21,0.858216,0.0270564,0.841593
4,22,0.858216,0.0632686,0.842317
4,23,0.858216,0.710137,0.855254
4,24,0.874771,0.00354206,0.824964
4,25,0.858216,0.858216,0.858216
4,26,0.887401,0.196899,0.839185
4,27,0.899615,0.858216,0.859044
4,28,0.858216,0.858216,0.858216
4,29,0.879922,0.858216,0.85865
4,30,0.858216,0.00232779,0.819739
4,31,0.858216,0.851504,0.858081
4,32,0.858216,0.00904805,0.834844
4,33,0.858216,0.848603,0.858023
4,34,0.858216,0.297098,0.846927
4,35,0.858216,0.851504,0.857422
4,36,0.858216,0.196899,0.844396
4,37,0.879922,0.00232555,0.823359
4,38,0.858216,0.00232555,0.838256
4,39,0.858216,0.0036093,0.818391
4,40,0.858216,0.85492,0.855381
4,41,0.899444,0.85492,0.85664
4,42,0.85492,0.00232555,0.82084
4,43,0.85492,0.00232555,0.791695
4,44,0.872162,0.0629639,0.839425
4,45,0.885555,0.00353786,0.838871
4,46,0.885555,0.0336297,0.830154
4,47,0.85492,0.00353786,0.836557
4,48,0.858216,0.0333063,0.819457
4,49,0.85492,0.00232555,0.821114
4,50,0.85492,0.704685,0.851915
4,51,0.85492,0.00232555,0.82084
4,52,0.877688,0.0036093,0.82137
4,53,0.885555,0.00353786,0.838505
4,54,0.85492,0.00232555,0.800661
4,55,0.85492,0.00353786,0.804911
4,56,0.885555,0.00232555,0.804474
4,57,0.899444,0.85492,0.856265
4,58,0.899444,0.00353786,0.825769
4,59,0.899444,0.844996,0.855612
4,60,0.899444,0.533834,0.85351
4,61,0.899444,0.0336297,0.836858
4,62,0.85492,0.0036093,0.825579
4,63,0.85492,0.788155,0.845572
4,64,0.85492,0.0036093,0.76374
4,65,0.85492,0.0629639,0.808886
4,66,0.858216,0.788155,0.837627
4,67,0.85492,0.0059652,0.829929
4,68,0.899444,0.533834,0.842828
4,69,0.899444,0.844996,0.856502
4,70,0.867356,0.0271444,0.822123
4,71,0.899444,0.85492,0.857054
4,72,0.85492,0.84797,0.854781
4,73,0.85492,0.84797,0.854642
4,74,0.867356,0.0036093,0.834564
4,75,0.873226,0.0059652,0.824511
4,76,0.85492,0.15273,0.826693
4,77,0.85492,0.0271444,0.701614
4,78,0.85492,0.85492,0.854919
4,79,0.85492,0.00903094,0.817536
4,80,0.858216,0.00353786,0.731437
4,81,0.85492,0.85492,0.854919
4,82,0.85492,0.0059652,0.777296
4,83,0.885555,0.85492,0.856243
4,84,0.873226,0.533834,0.851267
4,85,0.902802,0.0061767,0.825631
4,86,0.899444,0.0629639,0.847638
4,87,0.899444,0.00387927,0.823107
4,88,0.899444,0.358419,0.870433
4,89,0.899444,0.85492,0.867951
4,90,0.899444,0.85492,0.866645
4,91,0.899444,0.0629639,0.838351
4,92,0.873226,0.15273,0.837664
4,93,0.85492,0.676014,0.851341
4,94,0.877688,0.00903094,0.825611
4,95,0.877688,0.00232555,0.790123
4,96,0.877688,0.0036093,0.829107
4,97,0.877688,0.0629639,0.839654
4,98,0.85492,0.0036093,0.837893
4,99,0.85492,0.0271444,0.838364
4,100,0.885555,0.84797,0.855393
5,0,0.292034,0.000335653,0.0166605
5,1,0.489124,0.00224564,0.118629
5,2,0.947611,0.0027938,0.23192
5,3,0.947611,0.0099524,0.498056
5,4,0.967296,0.00748575,0.507548
5,5,0.969003,0.292034,0.583342
5,6,0.969003,0.292034,0.78123
5,7,0.969003,0.242675,0.789471
5,8,0.967296,0.0224608,0.742483
5,9,0.967296,0.292034,0.683134
5,10,0.967296,0.013057,0.764203
5,11,0.967296,0.292034,0.853148
5,12,0.969457,0.10615,0.832174
5,13,0.969457,0.292034,0.801337
5,14,0.967296,0.00239409,0.856355
5,15,0.960785,0.292034,0.798669
5,16,0.916977,0.159124,0.757981
5,17,0.963043,0.00523087,0.849078
5,18,0.908394,0.869522,0.907616
5,19,0.925038,0.0941513,0.87967
5,20,0.908394,0.908394,0.908394
5,21,0.960785,0.697689,0.905041
5,22,0.916977,0.0099524,0.853015
5,23,0.969003,0.00482527,0.86841
5,24,0.969003,0.00934903,0.90477
5,25,0.969003,0.908394,0.938698
5,26,0.969003,0.00482527,0.902666
5,27,0.969003,0.00236625,0.692017
5,28,0.969003,0.908394,0.926576
5,29,0.969003,0.02385,0.88654
5,30,0.969003,0.0374396,0.910205
5,31,0.969003,0.00523087,0.860909
5,32,0.970872,0.033272,0.908353
5,33,0.969003,0.120759,0.884073
5,34,0.969003,0.908394,0.913123
5,35,0.969003,0.00482527,0.891414
5,36,0.969003,0.908394,0.920516
5,37,0.969003,0.292034,0.898491
5,38,0.908394,0.373994,0.897706
5,39,0.925038,0.292034,0.883295
5,40,0.925038,0.908394,0.908727
5,41,0.925038,0.00244158,0.876933
5,42,0.925038,0.7551,0.905832
5,43,0.969003,0.856214,0.910242
5,44,0.916977,0.00244158,0.864511
5,45,0.964402,0.02385,0.893351
5,46,0.966665,0.710171,0.910253
5,47,0.959579,0.366954,0.896206
5,48,0.916977,0.845146,0.906334
5,49,0.948529,0.845146,0.904556
5,50,0.916977,0.00243677,0.846486
5,51,0.916977,0.00991301,0.879584
5,52,0.948529,0.767199,0.914206
5,53,0.916977,0.845146,0.910091
5,54,0.971613,0.879853,0.912456
5,55,0.916977,0.00481194,0.892644
5,56,0.916977,0.0952604,0.893201
5,57,0.916977,0.00524146,0.889233
5,58,0.916977,0.366954,0.898654
5,59,0.916977,0.0952604,0.889605
5,60,0.916977,0.0237054,0.89502
5,61,0.965631,0.366954,0.897802
5,62,0.965631,0.767199,0.915927
5,63,0.916977,0.00524596,0.855896
5,64,0.916977,0.422206,0.874045
5,65,0.966665,0.916977,0.918282
5,66,0.932546,0.00243677,0.880822
5,67,0.965631,0.916977,0.921389
5,68,0.932546,0.916977,0.918985
5,69,0.964402,0.366954,0.897793
5,70,0.932546,0.916977,0.919779
5,71,0.932546,0.00524596,0.863922
5,72,0.916977,0.0335118,0.88651
5,73,0.916977,0.00481194,0.813381
5,74,0.948529,0.0952604,0.863998
5,75,0.966665,0.366954,0.907176
5,76,0.916977,0.156826,0.901774
5,77,0.916977,0.916977,0.916977
5,78,0.965631,0.916977,0.91795
5,79,0.965631,0.916977,0.921842
5,80,0.965631,0.366954,0.914734
5,81,0.965631,0.00746001,0.78709
5,82,0.965631,0.00463703,0.924652
5,83,0.966665,0.0219488,0.905624
5,84,0.966665,0.730506,0.926883
5,85,0.966665,0.00991301,0.922756
5,86,0.965631,0.0952604,0.926228
5,87,0.965631,0.90716,0.940134
5,88,0.965631,0.90716,0.941884
5,89,0.965631,0.767199,0.927433
5,90,0.965631,0.908394,0.920698
5,91,0.965631,0.0952604,0.866606
5,92,0.965631,0.916977,0.921842
5,93,0.965631,0.00524596,0.883992
5,94,0.965631,0.0228207,0.887675
5,95,0.965631,0.916977,0.91795
5,96,0.964402,0.366954,0.906729
5,97,0.964402,0.00481194,0.894372
5,98,0.948529,0.366954,0.840605
5,99,0.916977,0.0237054,0.898915
5,100,0.916977,0.00991301,0.898836
6,0,0.871536,0.000399895,0.0326427
6,1,0.993192,0.000896,0.460239
6,2,0.993192,0.469162,0.839974
6,3,0.993192,0.469162,0.812473
6,4,0.871536,0.307355,0.691255
6,5,0.871536,0.17393,0.809299
6,6,0.871536,0.469162,0.855441
6,7,0.871536,0.0426281,0.731529
6,8,0.948662,0.00878648,0.791444
6,9,0.915068,0.0238383,0.811174
6,10,0.871536,0.0344864,0.841154
6,11,0.894049,0.00229258,0.855058
6,12,0.917135,0.552478,0.867634
6,13,0.966244,0.871536,0.880184
6,14,0.966244,0.0426281,0.855947
6,15,0.966244,0.572369,0.90252
6,16,0.966244,0.039379,0.890692
6,17,0.966244,0.871536,0.90834
6,18,0.99902,0.251639,0.900484
6,19,0.966244,0.0087555,0.865802
6,20,0.966244,0.792293,0.898183
6,21,0.904763,0.530917,0.887001
6,22,0.894049,0.488235,0.885699
6,23,0.99902,0.0241315,0.8783
6,24,0.899455,0.00531125,0.847239
6,25,0.894049,0.0419474,0.874972
6,26,0.894049,0.187915,0.875942
6,27,0.894049,0.694806,0.886079
6,28,0.934298,0.894049,0.895659
6,29,0.934298,0.187915,0.881537
6,30,0.894049,0.251639,0.880967
6,31,0.894049,0.251639,0.875181
6,32,0.894049,0.530917,0.882716
6,33,0.916127,0.591568,0.87623
6,34,0.894049,0.00531125,0.797327
6,35,0.894049,0.0021974,0.731179
6,36,0.916127,0.591568,0.808398
6,37,0.899455,0.591568,0.822551
6,38,0.934298,0.0806557,0.735869
6,39,0.899455,0.00834464,0.715217
6,40,0.899455,0.00223239,0.689946
6,41,0.899455,0.00223239,0.759783
6,42,0.899455,0.00507992,0.746599
6,43,0.899455,0.694806,0.787487
6,44,0.969544,0.694806,0.788191
6,45,0.899455,0.215249,0.744769
6,46,0.899455,0.00289109,0.687191
6,47,0.997764,0.356642,0.695221
6,48,0.997764,0.191278,0.697406
6,49,0.748823,0.681451,0.69719
6,50,0.997764,0.681451,0.7051
6,51,0.997764,0.694806,0.716179
6,52,0.997764,0.19722,0.684533
6,53,0.899455,0.0022345,0.661447
6,54,0.701199,0.687798,0.6983
6,55,0.701199,0.694806,0.699664
6,56,0.804274,0.0022345,0.657345
6,57,0.804274,0.0476812,0.675694
6,58,0.997443,0.694806,0.707055
6,59,0.899455,0.217028,0.706378
6,60,0.7553,0.662593,0.719672
6,61,0.7553,0.0107093,0.690865
6,62,0.7553,0.00507992,0.696975
6,63,0.997764,0.00225223,0.686125
6,64,0.7553,0.0476812,0.696432
6,65,0.7553,0.00223239,0.662135
6,66,0.894049,0.591568,0.700235
6,67,0.894049,0.00223239,0.712727
6,68,0.899455,0.00507992,0.697127
6,69,0.701199,0.00835984,0.671202
6,70,0.701199,0.0022345,0.683895
6,71,0.701199,0.00928152,0.664273
6,72,0.746344,0.19722,0.68972
6,73,0.797907,0.694806,0.706776
6,74,0.746344,0.694806,0.710158
6,75,0.748823,0.694806,0.714306
6,76,0.804274,0.0219263,0.698479
6,77,0.746344,0.217028,0.687695
6,78,0.694806,0.0219263,0.641863
6,79,0.746344,0.591568,0.693771
6,80,0.797907,0.00834464,0.654971
6,81,0.694806,0.217028,0.683185
6,82,0.694806,0.00929926,0.654447
6,83,0.748823,0.193133,0.685852
6,84,0.707612,0.694806,0.695061
6,85,0.901597,0.047885,0.673104
6,86,0.694806,0.694806,0.694805
6,87,0.694806,0.00834464,0.681076
6,88,0.694806,0.694806,0.694805
6,89,0.721739,0.047885,0.682406
6,90,0.746344,0.694806,0.695836
6,91,0.746344,0.0219263,0.689107
6,92,0.752818,0.694806,0.701663
6,93,0.746344,0.00223239,0.689261
6,94,0.746344,0.669459,0.697391
6,95,0.694806,0.00929926,0.681095
6,96,0.797907,0.217028,0.687045
6,97,0.797907,0.356642,0.692166
6,98,0.901597,0.00223239,0.655085
6,99,0.748823,0.00223239,0.658206
6,100,0.797907,0.00223239,0.669306
7,0,0.627917,0.000292506,0.0506985
7,1,0.792424,0.000597925,0.203763
7,2,0.792424,0.00282474,0.211707
7,3,0.792424,0.00237699,0.311499
7,4,0.740991,0.00278626,0.387298
7,5,0.668479,0.239172,0.610284
7,6,0.627917,0.00458895,0.612515
7,7,0.627917,0.469764,0.624754
7,8,0.833277,0.0199328,0.620439
7,9,0.627917,0.00391763,0.612066
7,10,0.833277,0.213853,0.60439
7,11,0.627917,0.0198099,0.601429
7,12,0.727414,0.458042,0.607235
7,13,0.627917,0.458042,0.595747
7,14,0.627917,0.00393606,0.605934
7,15,0.627917,0.00393725,0.593286
7,16,0.627917,0.0108639,0.607475
7,17,0.683493,0.424031,0.622103
7,18,0.627917,0.424031,0.615684
7,19,0.627917,0.0199328,0.595369
7,20,0.627917,0.424031,0.600368
7,21,0.656617,0.00302339,0.562704
7,22,0.740991,0.0045806,0.583861
7,23,0.627917,0.00391763,0.604822
7,24,0.627917,0.0199328,0.615757
7,25,0.740991,0.0479229,0.618578
7,26,0.656617,0.627917,0.628705
7,27,0.627917,0.469764,0.624754
7,28,0.627917,0.469764,0.621591
7,29,0.633268,0.286869,0.619543
7,30,0.633268,0.469764,0.623415
7,31,0.740991,0.544946,0.629129
7,32,0.740991,0.0987523,0.620065
7,33,0.656617,0.00302339,0.619437
7,34,0.656617,0.0199328,0.616331
7,35,0.656617,0.0045806,0.616024
7,36,0.668479,0.424031,0.62465
7,37,0.627917,0.00302339,0.615419
7,38,0.638628,0.0987523,0.611811
7,39,0.627917,0.0987523,0.609178
7,40,0.656617,0.00302339,0.603088
7,41,0.638628,0.40835,0.619487
7,42,0.638628,0.424031,0.617531
7,43,0.833277,0.0045806,0.607256
7,44,0.833277,0.606654,0.647742
7,45,0.833277,0.544946,0.663796
7,46,0.859566,0.627917,0.731123
7,47,0.833277,0.00302339,0.677838
7,48,0.833277,0.627917,0.697739
7,49,0.833277,0.00233061,0.727244
7,50,0.843744,0.627917,0.753644
7,51,0.833277,0.627917,0.75524
7,52,0.862267,0.627917,0.768142
7,53,0.859566,0.627917,0.805472
7,54,0.854274,0.00906796,0.782964
7,55,0.854274,0.627917,0.831944
7,56,0.857318,0.0246312,0.821784
7,57,0.854274,0.113522,0.815873
7,58,0.854274,0.00310103,0.820414
7,59,0.862992,0.833277,0.839751
7,60,0.854274,0.0338698,0.82017
7,61,0.854274,0.00233061,0.819306
7,62,0.862267,0.00312879,0.81965
7,63,0.854274,0.00906796,0.819005
7,64,0.854274,0.743003,0.832794
7,65,0.854274,0.00240422,0.801316
7,66,0.854274,0.833277,0.834957
7,67,0.854274,0.833277,0.842096
7,68,0.854274,0.0223575,0.827905
7,69,0.854274,0.833277,0.848815
7,70,0.860168,0.741212,0.845412
7,71,0.860168,0.00964364,0.813952
7,72,0.854274,0.00433105,0.79818
7,73,0.854274,0.579379,0.848264
7,74,0.855866,0.0693227,0.837573
7,75,0.854274,0.00351498,0.79566
7,76,0.862992,0.00299362,0.837454
7,77,0.854274,0.00240422,0.837236
7,78,0.854274,0.00240422,0.831738
7,79,0.854274,0.0223575,0.837635
7,80,0.857318,0.0041556,0.81689
7,81,0.854274,0.038141,0.827721
7,82,0.854274,0.686358,0.847465
7,83,0.854274,0.854274,0.854274
7,84,0.854274,0.00351498,0.833653
7,85,0.854274,0.00299362,0.788755
7,86,0.862992,0.218597,0.841734
7,87,0.854274,0.85021,0.854192
7,88,0.854274,0.140037,0.839989
7,89,0.860168,0.00299362,0.810368
7,90,0.854274,0.218597,0.840545
7,91,0.854274,0.00299362,0.82061
7,92,0.857318,0.849665,0.854274
7,93,0.854274,0.833277,0.853854
7,94,0.854274,0.833277,0.853014
7,95,0.854274,0.854274,0.854274
7,96,0.862992,0.397239,0.845307
7,97,0.854274,0.579379,0.845417
7,98,0.854274,0.00346319,0.820255
7,99,0.860168,0.218597,0.841678
7,100,0.854274,0.00351498,0.820164
8,0,0.788297,0.000316528,0.0703095
8,1,0.788297,0.00447648,0.2855
8,2,0.833222,0.00608763,0.301442
8,3,0.781001,0.00582907,0.341114
8,4,0.781001,0.0102982,0.509405
8,5,0.781001,0.00767718,0.641395
8,6,0.831559,0.633393,0.747246
8,7,0.836893,0.00231033,0.75217
8,8,0.831559,0.00997367,0.771729
8,9,0.831559,0.00966419,0.777027
8,10,0.831559,0.781001,0.798315
8,11,0.836893,0.788297,0.811917
8,12,0.836893,0.788297,0.810009
8,13,0.831559,0.788297,0.810793
8,14,0.836893,0.788297,0.808304
8,15,0.836893,0.397174,0.798343
8,16,0.831559,0.784724,0.81327
8,17,0.831559,0.773362,0.818912
8,18,0.831559,0.0382786,0.756919
8,19,0.831559,0.689383,0.794989
8,20,0.831559,0.773362,0.809567
8,21,0.831559,0.241867,0.8004
8,22,0.831559,0.00201542,0.775873
8,23,0.831559,0.00997367,0.788231
8,24,0.831559,0.0023485,0.799422
8,25,0.831559,0.788297,0.819445
8,26,0.831559,0.0027264,0.7827
8,27,0.831559,0.788297,0.801275
8,28,0.788297,0.784724,0.788225
8,29,0.831559,0.00198681,0.759678
8,30,0.788297,0.107669,0.774386
8,31,0.819813,0.643438,0.78603
8,32,0.811678,0.107669,0.771953
8,33,0.788297,0.211943,0.760533
8,34,0.819813,0.773215,0.788324
8,35,0.819813,0.773215,0.793038
8,36,0.819813,0.104757,0.775511
8,37,0.788297,0.445068,0.775638
8,38,0.788297,0.632694,0.782288
8,39,0.788297,0.00198681,0.7215
8,40,0.788297,0.0027264,0.767994
8,41,0.788297,0.445068,0.779976
8,42,0.819813,0.096606,0.772196
8,43,0.819813,0.0407301,0.760358
8,44,0.819813,0.0027264,0.755112
8,45,0.819813,0.00997367,0.778403
8,46,0.819813,0.788297,0.804055
8,47,0.819813,0.784743,0.798816
8,48,0.819813,0.00200104,0.779181
8,49,0.819813,0.784724,0.802092
8,50,0.819813,0.784724,0.793268
8,51,0.819813,0.77718,0.791498
8,52,0.819813,0.784724,0.78814
8,53,0.813564,0.0407301,0.773205
8,54,0.788297,0.459943,0.780444
8,55,0.811678,0.096685,0.754941
8,56,0.791808,0.00198119,0.770412
8,57,0.791808,0.769383,0.786664
8,58,0.791808,0.00198119,0.771105
8,59,0.809286,0.00198119,0.757662
8,60,0.824973,0.0027264,0.752082
8,61,0.813564,0.475092,0.777819
8,62,0.82389,0.439958,0.773733
8,63,0.819813,0.00231003,0.742975
8,64,0.788297,0.00198119,0.755176
8,65,0.821328,0.096606,0.772535
8,66,0.821328,0.00231003,0.747503
8,67,0.821328,0.0027348,0.769366
8,68,0.830084,0.00231003,0.755611
8,69,0.830084,0.464933,0.785585
8,70,0.784724,0.00999632,0.757727
8,71,0.784724,0.096685,0.770963
8,72,0.82389,0.0027348,0.751931
8,73,0.82389,0.784724,0.791431
8,74,0.82389,0.0625841,0.775836
8,75,0.82389,0.096685,0.772085
8,76,0.82389,0.769383,0.809484
8,77,0.825428,0.784724,0.816425
8,78,0.825428,0.00235028,0.78592
8,79,0.825428,0.07127,0.806283
8,80,0.825428,0.718528,0.821472
8,81,0.825428,0.119446,0.792669
8,82,0.832248,0.119446,0.80966
8,83,0.825428,0.0716375,0.80434
8,84,0.825428,0.392181,0.802633
8,85,0.830084,0.00964759,0.778349
8,86,0.827856,0.07127,0.785632
8,87,0.828202,0.00235028,0.789177
8,88,0.827856,0.0020756,0.804853
8,89,0.827856,0.718528,0.821538
8,90,0.828202,0.788344,0.824089
8,91,0.827868,0.00212205,0.807967
8,92,0.827856,0.00260428,0.808178
8,93,0.827856,0.00964759,0.806933
8,94,0.827856,0.00260428,0.782383
8,95,0.827856,0.00207371,0.743589
8,96,0.825428,0.0381404,0.799572
8,97,0.825428,0.82389,0.824013
8,98,0.825428,0.00964759,0.778384
8,99,0.82389,0.251026,0.806492
8,100,0.825428,0.00964759,0.807636
9,0,0.922955,0.000448326,0.0783038
9,1,0.934827,0.00175014,0.256768
9,2,0.935545,0.0043027,0.620048
9,3,0.935346,0.00391962,0.490273
9,4,0.934827,0.00428167,0.825794
9,5,0.935545,0.0349796,0.790609
9,6,0.936649,0.698122,0.869795
9,7,0.936649,0.698122,0.919082
9,8,0.935667,0.735866,0.919467
9,9,0.922955,0.018665,0.904595
9,10,0.935667,0.00234921,0.899661
9,11,0.922955,0.00405657,0.886792
9,12,0.935667,0.916602,0.923082
9,13,0.922955,0.0043027,0.904582
9,14,0.922955,0.922955,0.922955
9,15,0.922955,0.735866,0.919121
9,16,0.922955,0.0105021,0.90434
9,17,0.922955,0.0043027,0.900866
9,18,0.935346,0.103776,0.89466
9,19,0.937929,0.319604,0.910997
9,20,0.935346,0.143022,0.912065
9,21,0.935346,0.556062,0.91931
9,22,0.935346,0.124898,0.879198
9,23,0.935346,0.00921476,0.900674
9,24,0.935346,0.922955,0.934354
9,25,0.936572,0.0932285,0.912274
9,26,0.935346,0.556062,0.927444
9,27,0.935346,0.00428167,0.883344
9,28,0.935346,0.0107705,0.904216
9,29,0.935346,0.922955,0.935098
9,30,0.93885,0.00957932,0.910895
9,31,0.935346,0.0377132,0.917393
9,32,0.935346,0.124898,0.900389
9,33,0.935346,0.0042065,0.916723
9,34,0.936572,0.84777,0.933336
9,35,0.936572,0.935346,0.935468
9,36,0.93885,0.124898,0.918058
9,37,0.935346,0.00241922,0.899887
9,38,0.935346,0.00241922,0.889941
9,39,0.935346,0.00428167,0.878417
9,40,0.935346,0.0107705,0.903361
9,41,0.939209,0.00428167,0.891286
9,42,0.935346,0.0107705,0.904424
9,43,0.936572,0.935346,0.93537
9,44,0.936572,0.0199493,0.916254
9,45,0.937625,0.0107705,0.912467
9,46,0.939209,0.00428167,0.891236
9,47,0.936572,0.00428167,0.916698
9,48,0.936572,0.935346,0.935738
9,49,0.937647,0.935346,0.935858
9,50,0.936572,0.0199493,0.900367
9,51,0.936572,0.0042065,0.909235
9,52,0.935346,0.0377132,0.917393
9,53,0.93885,0.0932285,0.918574
9,54,0.935346,0.00957932,0.91683
9,55,0.935346,0.556062,0.919345
9,56,0.935346,0.00239562,0.896332
9,57,0.935346,0.0042065,0.916723
9,58,0.935346,0.0107705,0.877403
9,59,0.93885,0.00239562,0.904948
9,60,0.93885,0.00428685,0.816317
9,61,0.939209,0.00499934,0.870772
9,62,0.93885,0.635052,0.930087
9,63,0.93885,0.00957932,0.917601
9,64,0.93885,0.00239562,0.89082
9,65,0.93885,0.0377132,0.904913
9,66,0.93885,0.00428167,0.905686
9,67,0.93885,0.0042065,0.91738
9,68,0.93885,0.280818,0.919864
9,69,0.93885,0.00416832,0.892518
9,70,0.93885,0.00416832,0.867547
9,71,0.93885,0.0107705,0.911792
9,72,0.938945,0.00416832,0.900704
9,73,0.93885,0.0199493,0.888758
9,74,0.93885,0.00239562,0.901157
9,75,0.93885,0.00238391,0.91673
9,76,0.93885,0.822001,0.925894
9,77,0.939191,0.5824,0.931728
9,78,0.9392,0.00238391,0.920058
9,79,0.93885,0.00238391,0.884695
9,80,0.93885,0.929794,0.938669
9,81,0.939373,0.00238391,0.920131
9,82,0.939373,0.909277,0.938152
9,83,0.939373,0.0094864,0.904131
9,84,0.939373,0.0107022,0.917529
9,85,0.939373,0.13084,0.909613
9,86,0.939373,0.93885,0.938976
9,87,0.939373,0.93885,0.939059
9,88,0.939373,0.859222,0.937508
9,89,0.939373,0.93885,0.939153
9,90,0.939373,0.00416832,0.901693
9,91,0.939373,0.0107456,0.915059
9,92,0.939373,0.00415761,0.877342
9,93,0.939373,0.00428685,0.920337
9,94,0.939373,0.00416832,0.849457
9,95,0.939373,0.93885,0.938986
9,96,0.939373,0.00238391,0.899987
9,97,0.93885,0.935346,0.93878
9,98,0.93885,0.00416832,0.920157
9,99,0.93885,0.927537,0.938443
9,100,0.939373,0.00238391,0.871982
10,0,0.254739,0.000330871,0.0175764
10,1,0.350658,0.000885852,0.127677
10,2,0.999043,0.00168977,0.260277
10,3,0.999964,0.00229277,0.326797
10,4,0.999964,0.025419,0.778781
10,5,0.999964,0.867742,0.908679
10,6,0.999964,0.489916,0.885558
10,7,0.999086,0.843708,0.913936
10,8,0.999043,0.861741,0.905011
10,9,0.999043,0.873585,0.884198
10,10,0.999043,0.010182,0.864934
10,11,0.999043,0.793335,0.894962
10,12,0.998338,0.0183349,0.86713
10,13,0.998338,0.0102643,0.841418
10,14,0.998338,0.494839,0.880301
10,15,0.999964,0.570143,0.887661
10,16,0.999578,0.837555,0.900922
10,17,0.999964,0.10242,0.887822
10,18,0.99955,0.861829,0.9214
10,19,0.998338,0.0555688,0.853824
10,20,0.947799,0.861829,0.870661
10,21,0.993549,0.861829,0.872319
10,22,0.947799,0.477011,0.868905
10,23,0.947799,0.861829,0.87781
10,24,0.993549,0.581501,0.880252
10,25,0.993549,0.655361,0.863766
10,26,0.943538,0.581501,0.850241
10,27,0.949737,0.0317718,0.852607
10,28,0.867742,0.00228839,0.839135
10,29,0.867742,0.00100706,0.80908
10,30,0.867742,0.818818,0.864871
10,31,0.912301,0.00229057,0.832013
10,32,0.867742,0.00229057,0.848178
10,33,0.867742,0.581501,0.85977
10,34,0.867742,0.5758,0.830573
10,35,0.867742,0.5758,0.811718
10,36,0.993549,0.19608,0.832287
10,37,0.947799,0.0080559,0.829776
10,38,0.947799,0.0558238,0.853638
10,39,0.949737,0.00903429,0.83507
10,40,0.890766,0.861829,0.867843
10,41,0.867742,0.843708,0.866078
10,42,0.879352,0.10242,0.844688
10,43,0.867742,0.00100706,0.798813
10,44,0.867742,0.861829,0.866914
10,45,0.867742,0.0183841,0.836288
10,46,0.943538,0.00100706,0.83049
10,47,0.867742,0.5758,0.861903
10,48,0.879352,0.0102025,0.834585
10,49,0.949737,0.0183841,0.853551
10,50,0.879352,0.00229057,0.843011
10,51,0.943538,0.0102025,0.852107
10,52,0.879352,0.818818,0.866996
10,53,0.931854,0.0102025,0.846034
10,54,0.943538,0.855759,0.869018
10,55,0.912301,0.867742,0.868633
10,56,0.912301,0.867742,0.868633
10,57,0.912301,0.867742,0.869524
10,58,0.912301,0.263843,0.85256
10,59,0.912301,0.0318836,0.860828
10,60,0.949576,0.867742,0.875617
10,61,0.867742,0.263843,0.855664
10,62,0.867742,0.661603,0.863619
10,63,0.867742,0.5758,0.861903
10,64,0.949576,0.5758,0.857701
10,65,0.879352,0.855759,0.867734
10,66,0.867742,0.00100706,0.850407
10,67,0.949576,0.867742,0.869379
10,68,0.867742,0.485043,0.860088
10,69,0.995038,0.867742,0.870288
10,70,0.995038,0.867742,0.870288
10,71,0.995038,0.867742,0.903385
10,72,0.912301,0.0558238,0.848272
10,73,0.912301,0.155247,0.854615
10,74,0.912301,0.867742,0.871307
10,75,0.912301,0.0558238,0.847427
10,76,0.890766,0.00100706,0.834636
10,77,0.912301,0.867742,0.870935
10,78,0.890766,0.855759,0.872449
10,79,0.890766,0.19608,0.860755
10,80,0.890766,0.0102025,0.855877
10,81,0.949576,0.867742,0.879049
10,82,0.949576,0.00100966,0.847765
10,83,0.890766,0.867742,0.883401
10,84,0.999075,0.0558238,0.87337
10,85,0.949576,0.105607,0.877407
10,86,0.925585,0.00110058,0.856731
10,87,0.925585,0.885166,0.894969
10,88,0.890766,0.0182866,0.858221
10,89,0.890766,0.00593411,0.854948
10,90,0.890766,0.00101227,0.872284
10,91,0.999075,0.890766,0.892932
10,92,0.890766,0.00101227,0.872859
10,93,0.890766,0.105607,0.875063
10,94,0.890766,0.105607,0.831413
10,95,0.925585,0.867873,0.891223
10,96,0.901695,0.867873,0.890964
10,97,0.901695,0.50494,0.884338
10,98,0.965086,0.50494,0.878615
10,99,0.965087,0.50494,0.860448
10,100,0.925585,0.366704,0.846267
11,0,0.16913,0.000424548,0.0205954
11,1,0.771815,0.00115231,0.120892
11,2,0.852106,0.00446035,0.103387
11,3,0.428624,0.00446035,0.0969025
11,4,0.428624,0.00681685,0.153467
11,5,0.314427,0.00157501,0.132221
11,6,0.44037,0.000776393,0.150027
11,7,0.174548,0.00336389,0.142953
11,8,0.16913,0.0871905,0.165414
11,9,0.169827,0.168776,0.169109
11,10,0.169827,0.0177234,0.165888
11,11,0.169827,0.152395,0.168833
11,12,0.169827,0.0081041,0.16597
11,13,0.16913,0.0685811,0.16685
11,14,0.16913,0.00221931,0.158913
11,15,0.180727,0.00440568,0.160413
11,16,0.180727,0.0081041,0.16442
11,17,0.180727,0.156018,0.169143
11,18,0.180727,0.0081041,0.162596
11,19,0.180727,0.00221931,0.157817
11,20,0.180727,0.168776,0.169327
11,21,0.16913,0.00681685,0.159581
11,22,0.16913,0.167255,0.169079
11,23,0.16913,0.165306,0.168945
11,24,0.16913,0.167686,0.168907
11,25,0.16913,0.0388727,0.164034
11,26,0.174923,0.00221102,0.165169
11,27,0.16913,0.00221102,0.162955
11,28,0.16913,0.00804736,0.159531
11,29,0.16913,0.162987,0.168588
11,30,0.16913,0.162987,0.168597
11,31,0.16913,0.0177234,0.165373
11,32,0.16913,0.162987,0.16823
11,33,0.180739,0.00808986,0.16564
11,34,0.16913,0.039283,0.166075
11,35,0.168776,0.166883,0.168654
11,36,0.168776,0.166883,0.168651
11,37,0.175503,0.166883,0.168836
11,38,0.174654,0.00453683,0.159592
11,39,0.175503,0.166178,0.169301
11,40,0.180739,0.0175475,0.166264
11,41,0.16913,0.162573,0.168309
11,42,0.174654,0.162573,0.167909
11,43,0.174654,0.00803327,0.159666
11,44,0.185202,0.0175475,0.165385
11,45,0.174654,0.167315,0.168197
11,46,0.16913,0.0175475,0.164573
11,47,0.168776,0.00221102,0.164072
11,48,0.171722,0.00221723,0.164642
11,49,0.16913,0.0175475,0.164911
11,50,0.16913,0.039283,0.162405
11,51,0.16913,0.039283,0.162973
11,52,0.16913,0.00438279,0.164335
11,53,0.16913,0.00798339,0.15878
11,54,0.16913,0.039283,0.162593
11,55,0.168417,0.0175475,0.159444
11,56,0.167686,0.107732,0.166347
11,57,0.167686,0.0134273,0.161481
11,58,0.167686,0.00221102,0.164377
11,59,0.180737,0.0699881,0.165993
11,60,0.180737,0.154178,0.167677
11,61,0.180737,0.154178,0.16816
11,62,0.180737,0.154178,0.16802
11,63,0.180737,0.00804736,0.161989
11,64,0.180737,0.0175475,0.165957
11,65,0.180737,0.167686,0.168991
11,66,0.180737,0.165743,0.16872
11,67,0.180737,0.150559,0.167698
11,68,0.180737,0.163732,0.16809
11,69,0.168417,0.0175475,0.162586
11,70,0.180737,0.00438279,0.164681
11,71,0.180737,0.0644249,0.166143
11,72,0.167686,0.150559,0.167344
11,73,0.167686,0.00804736,0.162634
11,74,0.167686,0.00438279,0.161354
11,75,0.167686,0.00804736,0.161475
11,76,0.171722,0.167315,0.167752
11,77,0.174654,0.166724,0.167902
11,78,0.171722,0.109214,0.166896
11,79,0.171722,0.139081,0.167963
11,80,0.171722,0.139081,0.167271
11,81,0.171722,0.0175475,0.159984
11,82,0.167686,0.00686175,0.163813
11,83,0.185167,0.00804736,0.161604
11,84,0.184903,0.0394211,0.164693
11,85,0.185167,0.039283,0.166069
11,86,0.184903,0.109214,0.167144
11,87,0.184903,0.150095,0.167699
11,88,0.184903,0.00803327,0.167267
11,89,0.185202,0.00686175,0.168083
11,90,0.185202,0.116649,0.172215
11,91,0.185167,0.039283,0.170749
11,92,0.185202,0.161312,0.174587
11,93,0.185202,0.161312,0.175466
11,94,0.180737,0.0501603,0.171852
11,95,0.180737,0.163732,0.173268
11,96,0.180737,0.109214,0.169947
11,97,0.185167,0.161312,0.174968
11,98,0.185167,0.00619275,0.174124
11,99,0.180745,0.00803327,0.172368
11,100,0.180737,0.165743,0.176385
12,0,0.839522,0.000310153,0.0691823
12,1,0.844922,0.00289141,0.503493
12,2,0.839522,0.100155,0.68301
12,3,0.851355,0.00661528,0.628892
12,4,0.851355,0.485075,0.751259
12,5,0.931718,0.652714,0.774287
12,6,0.851355,0.652714,0.776813
12,7,0.851355,0.0105939,0.751691
12,8,0.851355,0.728205,0.790462
12,9,0.851355,0.00481366,0.763624
12,10,0.958724,0.00464369,0.746369
12,11,0.851355,0.728205,0.756243
12,12,0.851355,0.00470891,0.764683
12,13,0.958724,0.728205,0.789962
12,14,0.958724,0.652714,0.7832
12,15,0.851355,0.00463739,0.776064
12,16,0.851355,0.652714,0.808044
12,17,0.955914,0.534467,0.810172
12,18,0.851355,0.0235641,0.775197
12,19,0.955766,0.0830983,0.791146
12,20,0.955766,0.728205,0.819449
12,21,0.91869,0.728205,0.784818
12,22,0.851355,0.00473971,0.788999
12,23,0.851355,0.802436,0.830122
12,24,0.955766,0.0835589,0.819678
12,25,0.955766,0.825533,0.847485
12,26,0.955766,0.0024757,0.823242
12,27,0.955766,0.0024757,0.901328
12,28,0.955813,0.955766,0.955766
12,29,0.955766,0.0153203,0.923473
12,30,0.955813,0.946783,0.955563
12,31,0.955766,0.00439656,0.936521
12,32,0.955766,0.00439656,0.936521
12,33,0.955766,0.952451,0.955699
12,34,0.955766,0.380479,0.9416
12,35,0.955766,0.00478498,0.923262
12,36,0.955766,0.00478498,0.917726
12,37,0.955766,0.133564,0.939321
12,38,0.955914,0.955766,0.955768
12,39,0.955766,0.00478498,0.915692
12,40,0.955766,0.955766,0.955765
12,41,0.955766,0.380479,0.9347
12,42,0.955766,0.829439,0.948186
12,43,0.955813,0.700441,0.937367
12,44,0.955766,0.0363817,0.925872
12,45,0.955766,0.00439656,0.936738
12,46,0.955766,0.0153203,0.892685
12,47,0.955914,0.0278191,0.819529
12,48,0.955766,0.380479,0.855102
12,49,0.955766,0.00238337,0.912825
12,50,0.955766,0.00439656,0.919652
12,51,0.955766,0.0153203,0.913516
12,52,0.955766,0.0363817,0.936799
12,53,0.955766,0.281602,0.942258
12,54,0.955766,0.0207772,0.919967
12,55,0.955766,0.00948294,0.8944
12,56,0.955766,0.00239469,0.93526
12,57,0.955766,0.946783,0.954148
12,58,0.955813,0.700441,0.949043
12,59,0.955766,0.00948294,0.93648
12,60,0.955766,0.860004,0.953311
12,61,0.955766,0.00478498,0.93578
12,62,0.955766,0.0153203,0.916077
12,63,0.955766,0.0153203,0.918385
12,64,0.955766,0.00439656,0.915765
12,65,0.955766,0.944946,0.955153
12,66,0.955766,0.0363817,0.937377
12,67,0.955766,0.00238337,0.936697
12,68,0.955766,0.0207772,0.885158
12,69,0.955766,0.955766,0.955765
12,70,0.955766,0.604133,0.948732
12,71,0.955766,0.0153203,0.908375
12,72,0.955766,0.00238337,0.919971
12,73,0.955766,0.926841,0.955007
12,74,0.955766,0.00439656,0.934643
12,75,0.955914,0.829439,0.953242
12,76,0.955914,0.604133,0.948613
12,77,0.955914,0.281602,0.933033
12,78,0.956134,0.944946,0.953654
12,79,0.955914,0.0154679,0.934388
12,80,0.956134,0.0043734,0.899179
12,81,0.955914,0.101991,0.938715
12,82,0.955914,0.00238337,0.922273
12,83,0.956134,0.944946,0.9547
12,84,0.955914,0.627445,0.947753
12,85,0.955914,0.946783,0.954038
12,86,0.955914,0.291811,0.940094
12,87,0.955914,0.137257,0.93792
12,88,0.955914,0.00955687,0.897875
12,89,0.956206,0.952703,0.953479
12,90,0.956206,0.0995652,0.936498
12,91,0.955914,0.00955687,0.934154
12,92,0.955914,0.00441989,0.932942
12,93,0.955914,0.00239269,0.899798
12,94,0.952703,0.00475871,0.933744
12,95,0.952703,0.806535,0.949779
12,96,0.952703,0.806535,0.936504
12,97,0.952703,0.0995652,0.927732
12,98,0.952703,0.0995652,0.928512
12,99,0.952703,0.0210158,0.92951
12,100,0.952703,0.902699,0.950703
13,0,0.757699,0.000278821,0.0516507
13,1,0.528543,0.00450601,0.173632
13,2,0.481558,0.00358381,0.263502
13,3,0.562521,0.00379836,0.268016
13,4,0.923363,0.119727,0.346854
13,5,0.970167,0.00607485,0.359241
13,6,0.923363,0.00351631,0.547668
13,7,0.949764,0.00979132,0.691563
13,8,0.936244,0.183388,0.756023
13,9,0.936244,0.0215852,0.784052
13,10,0.936244,0.797121,0.918895
13,11,0.936244,0.0139249,0.901571
13,12,0.936244,0.0215852,0.885558
13,13,0.946628,0.0131345,0.887741
13,14,0.936244,0.00233097,0.867916
13,15,0.936244,0.0188867,0.8794
13,16,0.936244,0.0138215,0.875258
13,17,0.936244,0.910309,0.914466
13,18,0.936244,0.00464292,0.876293
13,19,0.936244,0.306115,0.900819
13,20,0.936244,0.0131345,0.878472
13,21,0.922874,0.564004,0.896708
13,22,0.923363,0.903174,0.910427
13,23,0.929405,0.903174,0.911931
13,24,0.910309,0.0188867,0.89248
13,25,0.910309,0.749973,0.907102
13,26,0.910309,0.113449,0.887446
13,27,0.910309,0.749973,0.907102
13,28,0.945268,0.0131345,0.882228
13,29,0.938492,0.072442,0.89476
13,30,0.910309,0.00233097,0.879853
13,31,0.932997,0.00414343,0.88401
13,32,0.930274,0.0188867,0.875467
13,33,0.923363,0.00907485,0.868207
13,34,0.910309,0.113449,0.876597
13,35,0.910309,0.749973,0.90696
13,36,0.910309,0.910309,0.910309
13,37,0.910309,0.00414343,0.88526
13,38,0.910309,0.910309,0.910309
13,39,0.910309,0.00414343,0.86393
13,40,0.910309,0.00907485,0.892284
13,41,0.910309,0.0188867,0.876473
13,42,0.910309,0.0131345,0.872648
13,43,0.932997,0.910309,0.910763
13,44,0.910309,0.114787,0.894399
13,45,0.910309,0.0396925,0.876959
13,46,0.910309,0.00233097,0.838412
13,47,0.938492,0.910309,0.910873
13,48,0.910309,0.903174,0.910166
13,49,0.932997,0.882563,0.908496
13,50,0.910309,0.0400039,0.892617
13,51,0.910309,0.00414343,0.87392
13,52,0.922874,0.903174,0.908848
13,53,0.945268,0.00465555,0.858218
13,54,0.945268,0.00464292,0.863951
13,55,0.945268,0.558636,0.907593
13,56,0.945268,0.738083,0.908003
13,57,0.922874,0.738083,0.886183
13,58,0.910309,0.738083,0.884077
13,59,0.970167,0.00228262,0.886496
13,60,0.970167,0.0187845,0.834531
13,61,0.903174,0.300605,0.879071
13,62,0.903174,0.903174,0.903174
13,63,0.903174,0.00413282,0.876524
13,64,0.903174,0.00465555,0.867789
13,65,0.929405,0.903174,0.903973
13,66,0.943237,0.113342,0.876127
13,67,0.943237,0.300605,0.893527
13,68,0.934344,0.300605,0.855592
13,69,0.903174,0.0131932,0.867687
13,70,0.903174,0.903174,0.903174
13,71,0.903174,0.0131932,0.878377
13,72,0.903174,0.300605,0.871771
13,73,0.928253,0.738083,0.896493
13,74,0.903174,0.738083,0.886466
13,75,0.903174,0.00465555,0.885204
13,76,0.903174,0.00413282,0.848098
13,77,0.903174,0.0131932,0.884632
13,78,0.916885,0.0400039,0.886185
13,79,0.928253,0.903174,0.90519
13,80,0.943237,0.00413282,0.887731
13,81,0.910309,0.00233097,0.85882
13,82,0.945268,0.00466505,0.891937
13,83,0.910309,0.564004,0.903383
13,84,0.910309,0.114787,0.892534
13,85,0.923363,0.0188867,0.85886
13,86,0.945268,0.564004,0.903939
13,87,0.945268,0.478842,0.902379
13,88,0.945268,0.0188867,0.893879
13,89,0.945268,0.00907485,0.877998
13,90,0.945268,0.00464292,0.88302
13,91,0.945268,0.00414343,0.866885
13,92,0.945268,0.0396925,0.895987
13,93,0.945268,0.00233097,0.883859
13,94,0.945268,0.0131345,0.876635
13,95,0.945268,0.0131345,0.897074
13,96,0.945268,0.00414343,0.871266
13,97,0.910309,0.749973,0.907102
13,98,0.945268,0.910309,0.911008
13,99,0.910309,0.564004,0.903383
13,100,0.910309,0.00907485,0.862452
14,0,0.99316,0.000372137,0.0484425
14,1,0.99316,0.00201403,0.466705
14,2,0.99316,0.399702,0.968987
14,3,0.99316,0.00942278,0.954381
14,4,0.99316,0.976909,0.992688
14,5,0.99316,0.00238144,0.933443
14,6,0.99316,0.133419,0.965377
14,7,0.99316,0.0210619,0.958417
14,8,0.99316,0.133419,0.921894
14,9,0.99316,0.0369131,0.893657
14,10,0.993451,0.00942278,0.898942
14,11,0.993451,0.00116437,0.918624
14,12,0.993451,0.00116437,0.890697
14,13,0.993451,0.731405,0.895245
14,14,0.99316,0.731405,0.828637
14,15,0.993451,0.0369131,0.846076
14,16,0.993451,0.223804,0.737353
14,17,0.743647,0.0211114,0.691721
14,18,0.993451,0.685231,0.736702
14,19,0.912758,0.731405,0.735032
14,20,0.993451,0.0279295,0.717836
14,21,0.993451,0.029615,0.712458
14,22,0.993451,0.0010681,0.732521
14,23,0.993451,0.0907987,0.772807
14,24,0.993451,0.00945633,0.689737
14,25,0.744341,0.0109972,0.682602
14,26,0.731405,0.0106548,0.689649
14,27,0.912758,0.0106548,0.714842
14,28,0.731405,0.731405,0.731405
14,29,0.912758,0.0010681,0.707613
14,30,0.731405,0.731405,0.731405
14,31,0.731405,0.0106548,0.71699
14,32,0.833648,0.00224448,0.704696
14,33,0.993451,0.0907987,0.723963
14,34,0.923307,0.731405,0.735243
14,35,0.731405,0.223804,0.711875
14,36,0.731405,0.731405,0.731405
14,37,0.833648,0.731405,0.734426
14,38,0.780222,0.0106548,0.717018
14,39,0.731405,0.731405,0.731405
14,40,0.755876,0.731405,0.731894
14,41,0.731405,0.029615,0.699281
14,42,0.743647,0.0010681,0.658886
14,43,0.99316,0.262519,0.718839
14,44,0.923307,0.0546004,0.666315
14,45,0.755876,0.0546004,0.711171
14,46,0.755876,0.731405,0.737278
14,47,0.833648,0.731405,0.737365
14,48,0.993451,0.731405,0.738733
14,49,0.993451,0.685231,0.79484
14,50,0.993451,0.029615,0.823182
14,51,0.993451,0.0106548,0.823227
14,52,0.993451,0.0106548,0.781684
14,53,0.993451,0.731405,0.891858
14,54,0.993451,0.172117,0.944708
14,55,0.993451,0.172117,0.947971
14,56,0.993451,0.992204,0.992528
14,57,0.993451,0.00116746,0.972682
14,58,0.993451,0.0408535,0.95611
14,59,0.993451,0.0371697,0.972514
14,60,0.992204,0.0023857,0.972296
14,61,0.992204,0.0210125,0.97278
14,62,0.992204,0.0210125,0.965906
14,63,0.992204,0.366851,0.9487
14,64,0.992204,0.0371697,0.918808
14,65,0.99308,0.168072,0.961082
14,66,0.992204,0.168072,0.97498
14,67,0.992204,0.0565411,0.973449
14,68,0.992204,0.981885,0.991998
14,69,0.992204,0.0371697,0.971221
14,70,0.992204,0.00938944,0.956065
14,71,0.992204,0.958394,0.991528
14,72,0.992204,0.992204,0.992204
14,73,0.992204,0.992204,0.992204
14,74,0.992204,0.0565411,0.956966
14,75,0.992204,0.0023857,0.970525
14,76,0.992204,0.00938944,0.972548
14,77,0.992204,0.0023857,0.972188
14,78,0.992204,0.366851,0.979697
14,79,0.99308,0.168072,0.975739
14,80,0.992204,0.0371697,0.973103
14,81,0.992204,0.0023857,0.933159
14,82,0.992204,0.992204,0.992204
14,83,0.992204,0.898086,0.990294
14,84,0.99308,0.898086,0.956457
14,85,0.992204,0.755876,0.97784
14,86,0.992204,0.00938944,0.962157
14,87,0.99308,0.898086,0.990119
14,88,0.993451,0.992204,0.992229
14,89,0.992204,0.0371697,0.970956
14,90,0.992204,0.898086,0.990102
14,91,0.992204,0.036659,0.936546
14,92,0.993451,0.00938944,0.936638
14,93,0.993451,0.755876,0.986876
14,94,0.992204,0.990588,0.992125
14,95,0.992204,0.0210125,0.967989
14,96,0.992204,0.0023857,0.933957
14,97,0.992204,0.0565411,0.948875
14,98,0.992204,0.725883,0.986187
14,99,0.992204,0.0210125,0.962127
14,100,0.992204,0.0371697,0.967763
15,0,0.312894,0.000549624,0.0196688
15,1,0.505705,0.00115248,0.0966735
15,2,0.513821,0.00273677,0.231817
15,3,0.552484,0.000813577,0.293545
15,4,0.547636,0.00404229,0.214444
15,5,0.513821,0.00405623,0.284915
15,6,0.516438,0.00386572,0.274414
15,7,0.513821,0.00357568,0.34102
15,8,0.513821,0.00275862,0.251669
15,9,0.513821,0.00403061,0.335354
15,10,0.513821,0.00284439,0.238109
15,11,0.507819,0.0399762,0.298388
15,12,0.547636,0.0619728,0.34409
15,13,0.87221,0.0117519,0.356908
15,14,0.87221,0.357196,0.384397
15,15,0.87221,0.132075,0.440692
15,16,0.87221,0.0282079,0.539361
15,17,0.87221,0.357196,0.703583
15,18,0.87221,0.0176123,0.756092
15,19,0.922704,0.0089048,0.813672
15,20,0.928574,0.0200491,0.851402
15,21,0.928574,0.00416824,0.851825
15,22,0.928574,0.110465,0.850032
15,23,0.87221,0.789929,0.841054
15,24,0.87221,0.416449,0.840242
15,25,0.87221,0.177666,0.848034
15,26,0.87221,0.00421615,0.849168
15,27,0.891811,0.480045,0.85069
15,28,0.87221,0.0175661,0.843616
15,29,0.87221,0.00895519,0.793603
15,30,0.87221,0.0042107,0.821438
15,31,0.87221,0.00390412,0.844523
15,32,0.87221,0.00959346,0.851905
15,33,0.87221,0.698745,0.863685
15,34,0.87221,0.698745,0.861492
15,35,0.87221,0.157805,0.849374
15,36,0.87221,0.00390899,0.806363
15,37,0.87221,0.357196,0.838077
15,38,0.87221,0.475439,0.860758
15,39,0.87221,0.0176123,0.854952
15,40,0.88258,0.00390899,0.855052
15,41,0.87221,0.110465,0.855906
15,42,0.88258,0.00957506,0.798123
15,43,0.88258,0.855129,0.874565
15,44,0.88258,0.87221,0.878432
15,45,0.88258,0.110465,0.84642
15,46,0.88258,0.0177549,0.843983
15,47,0.88258,0.848923,0.876154
15,48,0.932691,0.810066,0.881524
15,49,0.88258,0.154944,0.851193
15,50,0.88258,0.0084939,0.865098
15,51,0.88258,0.72618,0.879245
15,52,0.88258,0.878768,0.882504
15,53,0.88258,0.00392648,0.864533
15,54,0.88258,0.88258,0.88258
15,55,0.88258,0.00420794,0.865013
15,56,0.914429,0.810066,0.881559
15,57,0.88258,0.00420794,0.840688
15,58,0.88258,0.810066,0.872476
15,59,0.88258,0.108899,0.859405
15,60,0.88258,0.349173,0.855309
15,61,0.88258,0.810066,0.863335
15,62,0.88258,0.810066,0.863654
15,63,0.88258,0.349173,0.849755
15,64,0.88258,0.659352,0.872275
15,65,0.88258,0.809268,0.88064
15,66,0.88258,0.00392648,0.865007
15,67,0.900883,0.154944,0.852071
15,68,0.900883,0.810066,0.879693
15,69,0.900883,0.154944,0.866955
15,70,0.900883,0.0335426,0.863994
15,71,0.900883,0.783313,0.877015
15,72,0.900883,0.349173,0.876525
15,73,0.900883,0.464016,0.874554
15,74,0.900883,0.0333026,0.856289
15,75,0.900883,0.00429637,0.832336
15,76,0.88258,0.00420794,0.864339
15,77,0.88258,0.0096032,0.841949
15,78,0.900883,0.108899,0.852164
15,79,0.900883,0.0096032,0.822637
15,80,0.900883,0.00420794,0.853233
15,81,0.900883,0.464016,0.879674
15,82,0.914429,0.00232328,0.845481
15,83,0.88258,0.00420794,0.838053
15,84,0.88258,0.719669,0.878719
15,85,0.88258,0.00232328,0.820836
15,86,0.88258,0.72618,0.874027
15,87,0.88258,0.00901539,0.84366
15,88,0.88258,0.00232328,0.85572
15,89,0.935279,0.00894763,0.828876
15,90,0.88258,0.482264,0.857274
15,91,0.924189,0.111658,0.831081
15,92,0.88258,0.719669,0.864961
15,93,0.88258,0.108899,0.829364
15,94,0.88258,0.3696,0.845696
15,95,0.866624,0.00230992,0.840898
15,96,0.866624,0.00230992,0.84047
15,97,0.879969,0.0330652,0.842804
15,98,0.928702,0.362636,0.843493
15,99,0.928702,0.819635,0.853919
15,100,0.866624,0.113076,0.842202
16,0,0.225198,0.000429754,0.0329042
16,1,0.364596,0.00186673,0.0751039
16,2,0.364596,0.00177516,0.156803
16,3,0.396328,0.0271713,0.320871
16,4,0.395579,0.00591034,0.346411
16,5,0.364596,0.00504654,0.341473
16,6,0.459942,0.164799,0.352931
16,7,0.460498,0.26818,0.360056
16,8,0.460498,0.15766,0.347115
16,9,0.459942,0.329795,0.35051
16,10,0.459942,0.0712511,0.34451
16,11,0.364596,0.00560366,0.333988
16,12,0.364596,0.331096,0.334982
16,13,0.354757,0.0712511,0.3294
16,14,0.354757,0.331096,0.344291
16,15,0.354757,0.00560366,0.338213
16,16,0.354757,0.00560366,0.338648
16,17,0.354757,0.331096,0.34776
16,18,0.451746,0.331096,0.350404
16,19,0.451746,0.00561193,0.350789
16,20,0.451746,0.000656014,0.340434
16,21,0.451746,0.0740808,0.362693
16,22,0.455569,0.331096,0.373816
16,23,0.451103,0.0443555,0.363294
16,24,0.45667,0.223712,0.351509
16,25,0.45667,0.00256817,0.353039
16,26,0.45667,0.0380849,0.359883
16,27,0.45667,0.153177,0.400755
16,28,0.45667,0.00293133,0.402661
16,29,0.45667,0.0694312,0.408141
16,30,0.45667,0.00639054,0.375343
16,31,0.45667,0.35276,0.396838
16,32,0.457258,0.159062,0.378415
16,33,0.45667,0.00560366,0.377474
16,34,0.45667,0.074841,0.366799
16,35,0.45667,0.104124,0.381985
16,36,0.45667,0.00256817,0.397713
16,37,0.45667,0.320792,0.40374
16,38,0.457719,0.320792,0.391283
16,39,0.458776,0.320792,0.404216
16,40,0.466049,0.21942,0.412208
16,41,0.455569,0.213551,0.40693
16,42,0.457719,0.104124,0.433987
16,43,0.45667,0.357751,0.441377
16,44,0.45667,0.435827,0.447358
16,45,0.45667,0.435827,0.448189
16,46,0.459942,0.435827,0.451174
16,47,0.459942,0.412646,0.452778
16,48,0.459942,0.000666894,0.440661
16,49,0.459942,0.00617171,0.443023
16,50,0.459942,0.000678047,0.438788
16,51,0.484884,0.00617171,0.443966
16,52,0.484884,0.451103,0.454268
16,53,0.484884,0.00067564,0.445208
16,54,0.485894,0.451103,0.456502
16,55,0.485894,0.357255,0.456401
16,56,0.484884,0.104124,0.454655
16,57,0.485894,0.000678047,0.448971
16,58,0.485894,0.234083,0.453493
16,59,0.485894,0.0823328,0.455383
16,60,0.485894,0.000678047,0.449186
16,61,0.488914,0.000596357,0.459966
16,62,0.488914,0.00906376,0.446821
16,63,0.488914,0.237269,0.43888
16,64,0.488914,0.000596357,0.443408
16,65,0.486277,0.451103,0.470304
16,66,0.486277,0.254828,0.473065
16,67,0.486277,0.452229,0.480735
16,68,0.486277,0.00921649,0.472853
16,69,0.486277,0.484884,0.48539
16,70,0.486277,0.0342987,0.47426
16,71,0.486615,0.41041,0.479279
16,72,0.492923,0.00058703,0.471867
16,73,0.486277,0.00919899,0.471181
16,74,0.486277,0.0814332,0.473584
16,75,0.485894,0.387045,0.467174
16,76,0.492923,0.0823328,0.451157
16,77,0.485894,0.000774205,0.427575
16,78,0.486277,0.00059518,0.443452
16,79,0.485894,0.0342811,0.467759
16,80,0.485894,0.000594008,0.445482
16,81,0.486277,0.255056,0.454935
16,82,0.486651,0.203786,0.47099
16,83,0.485894,0.000594008,0.436667
16,84,0.485894,0.35819,0.463889
16,85,0.485894,0.387219,0.440257
16,86,0.489251,0.0333388,0.444888
16,87,0.487148,0.401695,0.450404
16,88,0.487148,0.402461,0.45728
16,89,0.490631,0.387219,0.454918
16,90,0.490631,0.401695,0.436013
16,91,0.490631,0.401695,0.434372
16,92,0.490631,0.402461,0.442549
16,93,0.490631,0.00885407,0.45427
16,94,0.487148,0.402461,0.462747
16,95,0.487148,0.282269,0.465876
16,96,0.487148,0.00770217,0.445309
16,97,0.487344,0.308671,0.448898
16,98,0.487344,0.308671,0.42792
16,99,0.495112,0.0318212,0.436854
16,100,0.495112,0.0924101,0.430662
17,0,0.427681,0.000303963,0.0441698
17,1,0.755033,0.0192037,0.212125
17,2,0.766907,0.00254486,0.235121
17,3,0.766907,0.0162564,0.368796
17,4,0.766907,0.000688658,0.351198
17,5,0.766907,0.0126965,0.432643
17,6,0.776649,0.138849,0.547186
17,7,0.756713,0.00185452,0.444237
17,8,0.774814,0.170549,0.544816
17,9,0.763374,0.00123282,0.587953
17,10,0.763374,0.00186088,0.680785
17,11,0.756713,0.00226331,0.668323
17,12,0.755033,0.502213,0.693029
17,13,0.756713,0.18337,0.680436
17,14,0.770252,0.643704,0.655546
17,15,0.755033,0.00221552,0.651433
17,16,0.755033,0.00225473,0.648356
17,17,0.755033,0.00225473,0.63191
17,18,0.776938,0.0020248,0.652903
17,19,0.774985,0.609546,0.707821
17,20,0.755033,0.0168244,0.69157
17,21,0.755033,0.188998,0.689784
17,22,0.766684,0.0444385,0.686695
17,23,0.755033,0.643704,0.711499
17,24,0.755033,0.00303351,0.710363
17,25,0.755033,0.661765,0.746697
17,26,0.755033,0.00186088,0.735794
17,27,0.763374,0.745092,0.751422
17,28,0.755033,0.287594,0.743895
17,29,0.755033,0.745092,0.754834
17,30,0.757273,0.755033,0.755078
17,31,0.755033,0.0169989,0.711502
17,32,0.755033,0.287594,0.726788
17,33,0.756515,0.00906649,0.708002
17,34,0.756515,0.145996,0.742941
17,35,0.756515,0.739679,0.754844
17,36,0.757897,0.470116,0.749677
17,37,0.770653,0.00233109,0.725506
17,38,0.758656,0.0169989,0.726649
17,39,0.756515,0.00203205,0.72017
17,40,0.756515,0.00186088,0.734341
17,41,0.756515,0.00233109,0.718474
17,42,0.756515,0.739679,0.7512
17,43,0.770252,0.00188125,0.720659
17,44,0.755033,0.00240274,0.733622
17,45,0.755033,0.481399,0.737989
17,46,0.748122,0.255116,0.721179
17,47,0.749996,0.00232271,0.701763
17,48,0.748122,0.149934,0.73593
17,49,0.748122,0.0398252,0.721992
17,50,0.750744,0.00188125,0.721286
17,51,0.7785,0.0398252,0.731331
17,52,0.751773,0.00240274,0.72671
17,53,0.751773,0.742602,0.748377
17,54,0.748122,0.748122,0.748122
17,55,0.766322,0.748122,0.748847
17,56,0.777612,0.00251878,0.709026
17,57,0.766184,0.00232271,0.714211
17,58,0.766184,0.487461,0.734616
17,59,0.766322,0.00239336,0.737909
17,60,0.766184,0.00453112,0.715213
17,61,0.766184,0.00188125,0.724087
17,62,0.766184,0.00251878,0.740579
17,63,0.766184,0.715796,0.755058
17,64,0.767186,0.00232271,0.725276
17,65,0.766684,0.018073,0.727005
17,66,0.766184,0.0095864,0.742242
17,67,0.766184,0.736728,0.7574
17,68,0.766184,0.481399,0.750312
17,69,0.766184,0.240927,0.746442
17,70,0.766184,0.149934,0.745684
17,71,0.766184,0.240927,0.733795
17,72,0.766184,0.0376005,0.73963
17,73,0.766184,0.0022462,0.675363
17,74,0.766184,0.0095864,0.735571
17,75,0.766184,0.742602,0.75054
17,76,0.766184,0.0401366,0.73539
17,77,0.766184,0.00180141,0.711053
17,78,0.750744,0.00188125,0.73325
17,79,0.777612,0.00240274,0.707668
17,80,0.748122,0.149934,0.734102
17,81,0.750744,0.487461,0.736793
17,82,0.748122,0.487461,0.742909
17,83,0.755033,0.0166592,0.688008
17,84,0.755033,0.278908,0.67113
17,85,0.766184,0.00188125,0.702826
17,86,0.766184,0.00240274,0.72696
17,87,0.766184,0.00188125,0.737532
17,88,0.766184,0.43815,0.740275
17,89,0.766184,0.0095864,0.738629
17,90,0.766322,0.00188125,0.718373
17,91,0.766184,0.748122,0.748483
17,92,0.748122,0.00240274,0.718578
17,93,0.748122,0.645324,0.746066
17,94,0.748122,0.736728,0.747894
17,95,0.777612,0.00240274,0.704919
17,96,0.748122,0.00987053,0.70413
17,97,0.748122,0.748122,0.748122
17,98,0.748122,0.748122,0.748122
17,99,0.749996,0.0398252,0.733993
17,100,0.749996,0.0166592,0.73368
18,0,0.821817,0.000273542,0.0434488
18,1,0.896292,0.00363044,0.417673
18,2,0.905996,0.0229917,0.76918
18,3,0.898044,0.00245484,0.811287
18,4,0.896292,0.00245484,0.838146
18,5,0.896292,0.821817,0.854071
18,6,0.893906,0.821817,0.856378
18,7,0.893906,0.57891,0.848851
18,8,0.89511,0.821817,0.861088
18,9,0.896292,0.00471555,0.810199
18,10,0.899345,0.821817,0.869613
18,11,0.903767,0.0346911,0.848921
18,12,0.902007,0.830399,0.865891
18,13,0.902007,0.00240855,0.833072
18,14,0.902007,0.00999469,0.798482
18,15,0.886463,0.800945,0.86071
18,16,0.915763,0.830399,0.873195
18,17,0.898068,0.0022994,0.844924
18,18,0.898068,0.00917868,0.859284
18,19,0.898068,0.790707,0.887261
18,20,0.901696,0.135036,0.874264
18,21,0.898068,0.806708,0.88889
18,22,0.898068,0.246636,0.870595
18,23,0.898068,0.216667,0.850816
18,24,0.898068,0.216667,0.835867
18,25,0.898068,0.0425509,0.814281
18,26,0.898068,0.381525,0.852347
18,27,0.898068,0.806708,0.846659
18,28,0.898068,0.00238977,0.847862
18,29,0.899396,0.806708,0.874341
18,30,0.898068,0.00456619,0.863907
18,31,0.898068,0.896292,0.898032
18,32,0.902326,0.686022,0.893912
18,33,0.898068,0.00934424,0.878466
18,34,0.898068,0.806708,0.896241
18,35,0.898068,0.135036,0.874113
18,36,0.898068,0.00934424,0.877814
18,37,0.898068,0.855616,0.893958
18,38,0.898068,0.00238977,0.854704
18,39,0.898068,0.00174109,0.864977
18,40,0.898068,0.035905,0.856578
18,41,0.898068,0.00464758,0.869732
18,42,0.898068,0.00238977,0.847635
18,43,0.898068,0.0336989,0.838067
18,44,0.902326,0.00174601,0.829124
18,45,0.898068,0.769304,0.879478
18,46,0.899396,0.0628929,0.862828
18,47,0.899396,0.136251,0.866368
18,48,0.898068,0.00239288,0.850145
18,49,0.898068,0.00239288,0.859015
18,50,0.898068,0.657694,0.874109
18,51,0.898068,0.00904027,0.874796
18,52,0.896292,0.0502828,0.84795
18,53,0.896292,0.00932027,0.878529
18,54,0.901696,0.568135,0.889836
18,55,0.896292,0.263764,0.867575
18,56,0.896292,0.00454935,0.851044
18,57,0.896292,0.00239288,0.814595
18,58,0.896292,0.834638,0.892592
18,59,0.896292,0.786585,0.891543
18,60,0.901696,0.786585,0.885164
18,61,0.901696,0.786585,0.86833
18,62,0.896292,0.693085,0.878775
18,63,0.896292,0.00239288,0.860409
18,64,0.896292,0.00932027,0.878444
18,65,0.896292,0.00454935,0.859083
18,66,0.898068,0.815594,0.894713
18,67,0.901696,0.00932027,0.861775
18,68,0.896292,0.00172293,0.852638
18,69,0.896292,0.00239288,0.86209
18,70,0.896292,0.860638,0.88916
18,71,0.896292,0.0587792,0.871869
18,72,0.896292,0.0502828,0.879371
18,73,0.896292,0.00581254,0.86127
18,74,0.896292,0.568135,0.889728
18,75,0.896292,0.263764,0.880883
18,76,0.901696,0.568135,0.869295
18,77,0.901696,0.0587792,0.834099
18,78,0.901696,0.794061,0.866287
18,79,0.901696,0.78918,0.878271
18,80,0.901696,0.146709,0.871441
18,81,0.901696,0.794061,0.857997
18,82,0.901696,0.0567886,0.875478
18,83,0.901696,0.0442534,0.867726
18,84,0.901696,0.820707,0.892248
18,85,0.901696,0.0364484,0.840873
18,86,0.901696,0.0469986,0.851508
18,87,0.901696,0.146709,0.859492
18,88,0.901696,0.00471764,0.860381
18,89,0.901696,0.0612339,0.857472
18,90,0.901696,0.00172293,0.859712
18,91,0.901696,0.0364484,0.867527
18,92,0.901696,0.00454935,0.853179
18,93,0.901729,0.0634592,0.851102
18,94,0.901729,0.664655,0.876364
18,95,0.901696,0.0502828,0.827877
18,96,0.898068,0.664655,0.842799
18,97,0.898068,0.0357271,0.835136
18,98,0.898068,0.846393,0.877456
18,99,0.896292,0.00897224,0.861974
18,100,0.898044,0.00895353,0.837739
19,0,0.753025,0.000337851,0.0407399
19,1,0.77112,0.000960993,0.538189
19,2,0.777106,0.0453093,0.74104
19,3,0.777106,0.746958,0.757479
19,4,0.777106,0.652338,0.758958
19,5,0.78249,0.0189252,0.743088
19,6,0.777106,0.185352,0.739861
19,7,0.777106,0.0203308,0.705732
19,8,0.777106,0.586298,0.747734
19,9,0.77112,0.746958,0.748169
19,10,0.753025,0.746958,0.747079
19,11,0.9281,0.0191769,0.736025
19,12,0.746958,0.408974,0.740198
19,13,0.776522,0.0191769,0.732994
19,14,0.776522,0.00412817,0.733975
19,15,0.776522,0.017987,0.710067
19,16,0.833334,0.679271,0.755018
19,17,0.776522,0.00530492,0.744838
19,18,0.9281,0.185498,0.753542
19,19,0.776522,0.150004,0.73798
19,20,0.776522,0.0446001,0.740062
19,21,0.776522,0.00859795,0.733581
19,22,0.776522,0.0936375,0.734185
19,23,0.746958,0.746958,0.746958
19,24,0.746958,0.0191769,0.729794
19,25,0.77112,0.746958,0.747441
19,26,0.746958,0.746958,0.746958
19,27,0.805448,0.746958,0.748128
19,28,0.805448,0.00412817,0.733271
19,29,0.746958,0.002257,0.726361
19,30,0.77112,0.00530492,0.726244
19,31,0.9281,0.00412817,0.718253
19,32,0.941601,0.558798,0.744778
19,33,0.941601,0.002257,0.710143
19,34,0.746958,0.002257,0.720885
19,35,0.746958,0.631471,0.710002
19,36,0.746958,0.631471,0.721551
19,37,0.746958,0.746958,0.746958
19,38,0.746958,0.178395,0.731824
19,39,0.941601,0.00530492,0.662218
19,40,0.941601,0.150004,0.709591
19,41,0.941601,0.0454981,0.732414
19,42,0.77112,0.746958,0.747441
19,43,0.753025,0.0041494,0.725464
19,44,0.753025,0.628779,0.74508
19,45,0.941601,0.00530492,0.739641
19,46,0.9281,0.150004,0.738642
19,47,0.746958,0.746958,0.746958
19,48,0.746958,0.002257,0.718035
19,49,0.77112,0.00412817,0.732585
19,50,0.805448,0.746958,0.74837
19,51,0.9281,0.00530492,0.721199
19,52,0.746958,0.0191769,0.726276
19,53,0.776522,0.746958,0.747549
19,54,0.776522,0.0222335,0.733055
19,55,0.746958,0.00530492,0.732125
19,56,0.9281,0.746958,0.750702
19,57,0.805448,0.746958,0.748128
19,58,0.746958,0.178395,0.735289
19,59,0.941601,0.746958,0.750972
19,60,0.941601,0.00530492,0.74488
19,61,0.941601,0.746958,0.820922
19,62,0.941601,0.746958,0.83875
19,63,0.941601,0.00234144,0.806663
19,64,0.941601,0.746958,0.798117
19,65,0.941601,0.00230565,0.793129
19,66,0.941601,0.0415515,0.872235
19,67,0.941601,0.746958,0.883344
19,68,0.941601,0.247482,0.859058
19,69,0.941601,0.649959,0.858141
19,70,0.954004,0.649959,0.883806
19,71,0.946987,0.0044339,0.902472
19,72,0.941601,0.0206101,0.919977
19,73,0.941601,0.596055,0.931638
19,74,0.941601,0.0390201,0.923549
19,75,0.941601,0.00526161,0.919822
19,76,0.951709,0.0206101,0.909454
19,77,0.951709,0.0206101,0.923383
19,78,0.941601,0.00451515,0.909715
19,79,0.941601,0.00526161,0.903419
19,80,0.941601,0.0390201,0.922274
19,81,0.941601,0.0044339,0.92122
19,82,0.962513,0.00915609,0.906765
19,83,0.941601,0.0204351,0.921349
19,84,0.941601,0.00234144,0.878185
19,85,0.941601,0.00526161,0.903824
19,86,0.944375,0.00915609,0.904584
19,87,0.946987,0.00915609,0.92051
19,88,0.941601,0.746958,0.935517
19,89,0.941601,0.596055,0.931638
19,90,0.941601,0.437013,0.927616
19,91,0.944375,0.921709,0.941259
19,92,0.954004,0.437013,0.931757
19,93,0.962513,0.0204351,0.923651
19,94,0.946987,0.0390201,0.92399
19,95,0.944375,0.118896,0.915603
19,96,0.951709,0.0390201,0.903995
19,97,0.944375,0.0204351,0.850164
19,98,0.941601,0.00526161,0.884513
19,99,0.941601,0.0210685,0.902934
19,100,0.941601,0.913926,0.938833
20,0,0.724722,0.000383453,0.0446851
20,1,0.879462,0.00152318,0.392191
20,2,0.879462,0.0226675,0.480581
20,3,0.921538,0.025545,0.522042
20,4,0.99214,0.0284332,0.551365
20,5,0.99214,0.0207896,0.48992
20,6,0.99214,0.148676,0.560671
20,7,0.81299,0.0310591,0.59269
20,8,0.821612,0.117723,0.635559
20,9,0.831789,0.00189644,0.627504
20,10,0.821612,0.00239869,0.585512
20,11,0.810418,0.209661,0.623525
20,12,0.722956,0.0431398,0.60472
20,13,0.810418,0.112525,0.677957
20,14,0.75644,0.0605793,0.686299
20,15,0.75644,0.56764,0.688283
20,16,0.826762,0.0435345,0.621797
20,17,0.722956,0.0605793,0.611281
20,18,0.722956,0.0522819,0.601955
20,19,0.826762,0.187844,0.615013
20,20,0.831789,0.426448,0.610406
20,21,0.831789,0.31918,0.644507
20,22,0.831789,0.250943,0.725774
20,23,0.831789,0.0985671,0.593044
20,24,0.831789,0.00325505,0.640327
20,25,0.831789,0.00263885,0.681193
20,26,0.831789,0.00956038,0.697646
20,27,0.831789,0.677233,0.8212
20,28,0.83368,0.677233,0.82118
20,29,0.83368,0.0709608,0.805153
20,30,0.826762,0.0023887,0.782276
20,31,0.826762,0.00235183,0.810224
20,32,0.829989,0.00263885,0.810345
20,33,0.829989,0.826762,0.827666
20,34,0.830203,0.00263885,0.781365
20,35,0.829989,0.823458,0.826458
20,36,0.826762,0.00235183,0.762321
20,37,0.828219,0.00206342,0.803311
20,38,0.826762,0.39019,0.817104
20,39,0.826762,0.12,0.804253
20,40,0.826762,0.78037,0.821196
20,41,0.831789,0.00263885,0.808475
20,42,0.831789,0.00207093,0.80702
20,43,0.831789,0.12,0.807071
20,44,0.831789,0.00963517,0.811183
20,45,0.831789,0.00963517,0.812431
20,46,0.832338,0.826762,0.829198
20,47,0.831789,0.82425,0.829527
20,48,0.831789,0.00207093,0.775725
20,49,0.831789,0.00206342,0.759536
20,50,0.831789,0.768177,0.825323
20,51,0.833495,0.00236097,0.782175
20,52,0.831789,0.578687,0.819073
20,53,0.831789,0.768177,0.830115
20,54,0.831789,0.819641,0.831546
20,55,0.831789,0.0724385,0.773235
20,56,0.831789,0.00956038,0.76434
20,57,0.832708,0.00207093,0.741953
20,58,0.832708,0.548433,0.797759
20,59,0.831789,0.00956038,0.786729
20,60,0.831789,0.00264962,0.779841
20,61,0.831789,0.0915938,0.816952
20,62,0.831789,0.829543,0.831515
20,63,0.831789,0.830157,0.83143
20,64,0.831789,0.130355,0.81658
20,65,0.831789,0.0362415,0.803524
20,66,0.831789,0.734204,0.826845
20,67,0.831789,0.740577,0.829964
20,68,0.831789,0.00236097,0.813133
20,69,0.831789,0.00236097,0.800311
20,70,0.831789,0.829543,0.831744
20,71,0.831789,0.00207093,0.77103
20,72,0.831789,0.376231,0.822594
20,73,0.831789,0.123135,0.817615
20,74,0.831789,0.00207093,0.785165
20,75,0.831789,0.00956038,0.801307
20,76,0.831789,0.00207093,0.689999
20,77,0.831789,0.0915938,0.783522
20,78,0.832708,0.548433,0.775109
20,79,0.832708,0.548433,0.818624
20,80,0.832708,0.123135,0.817453
20,81,0.832708,0.00236097,0.814018
20,82,0.832708,0.0915938,0.815519
20,83,0.832338,0.00264962,0.815053
20,84,0.832338,0.00956038,0.815209
20,85,0.832338,0.00264962,0.798745
20,86,0.832338,0.831789,0.831854
20,87,0.832338,0.548433,0.826164
20,88,0.831789,0.00207093,0.782023
20,89,0.831789,0.00264962,0.799319
20,90,0.831789,0.749708,0.830147
20,91,0.841871,0.259694,0.813191
20,92,0.831789,0.00236097,0.800784
20,93,0.831789,0.802177,0.829982
20,94,0.831789,0.802177,0.827933
20,95,0.831789,0.509784,0.81907
20,96,0.831789,0.00956038,0.812186
20,97,0.831789,0.819641,0.823988
20,98,0.835275,0.704564,0.818867
20,99,0.824973,0.00234274,0.777364
20,100,0.819641,0.773215,0.818713
21,0,0.617088,0.000530342,0.043221
21,1,0.617088,0.000953945,0.320261
21,2,0.617088,0.000979284,0.498523
21,3,0.617088,0.564328,0.609066
21,4,0.617088,0.599808,0.616122
21,5,0.622479,0.262627,0.609973
21,6,0.633907,0.00429278,0.604924
21,7,0.627697,0.00901972,0.603749
21,8,0.627697,0.00877479,0.602606
21,9,0.627697,0.570457,0.617261
21,10,0.627697,0.0024163,0.583638
21,11,0.633907,0.570457,0.616208
21,12,0.639908,0.570457,0.621237
21,13,0.633907,0.570457,0.617578
21,14,0.633907,0.569562,0.619578
21,15,0.634719,0.0401199,0.598384
21,16,0.634719,0.537604,0.613915
21,17,0.633907,0.570457,0.616989
21,18,0.633907,0.000979284,0.588836
21,19,0.634719,0.570457,0.6101
21,20,0.633907,0.560758,0.60928
21,21,0.633907,0.560758,0.611911
21,22,0.633907,0.570457,0.617195
21,23,0.633907,0.0401199,0.608993
21,24,0.633907,0.000979284,0.610869
21,25,0.633907,0.00922734,0.609133
21,26,0.633907,0.488965,0.618979
21,27,0.633907,0.107856,0.588737
21,28,0.633907,0.00242559,0.602396
21,29,0.637052,0.583189,0.625199
21,30,0.637052,0.601069,0.627545
21,31,0.637052,0.0377157,0.600118
21,32,0.637052,0.570457,0.612761
21,33,0.637052,0.262361,0.610479
21,34,0.637052,0.000978349,0.608781
21,35,0.637052,0.120457,0.609358
21,36,0.637052,0.298055,0.605809
21,37,0.637052,0.00246217,0.580531
21,38,0.637052,0.0368648,0.607357
21,39,0.642449,0.107856,0.608968
21,40,0.642449,0.00242164,0.59239
21,41,0.642449,0.000969592,0.612449
21,42,0.642449,0.00929814,0.613352
21,43,0.633907,0.00467614,0.590501
21,44,0.637052,0.00238788,0.610246
21,45,0.637052,0.000902954,0.587103
21,46,0.637052,0.00238788,0.583885
21,47,0.637052,0.26719,0.60323
21,48,0.639908,0.534805,0.618751
21,49,0.639908,0.601069,0.625507
21,50,0.639908,0.601069,0.630979
21,51,0.633907,0.00929814,0.610436
21,52,0.634719,0.605718,0.632014
21,53,0.633907,0.000969592,0.618664
21,54,0.633907,0.63343,0.633897
21,55,0.639744,0.00929814,0.609631
21,56,0.633907,0.632874,0.633826
21,57,0.633907,0.000969592,0.60857
21,58,0.633907,0.0377157,0.619545
21,59,0.633907,0.521502,0.625104
21,60,0.633907,0.00420437,0.613912
21,61,0.633907,0.521502,0.622666
21,62,0.637052,0.000969592,0.596408
21,63,0.633907,0.00929814,0.609769
21,64,0.633907,0.00929814,0.618019
21,65,0.633907,0.488965,0.62491
21,66,0.637052,0.000969592,0.606341
21,67,0.637052,0.215622,0.621661
21,68,0.637052,0.000978349,0.582896
21,69,0.637052,0.215622,0.616497
21,70,0.634719,0.521502,0.630424
21,71,0.634719,0.561761,0.628524
21,72,0.634719,0.563006,0.631619
21,73,0.634719,0.000971772,0.609128
21,74,0.634719,0.00930691,0.60961
21,75,0.634719,0.00930691,0.620581
21,76,0.634719,0.00929814,0.60908
21,77,0.634719,0.0375007,0.611675
21,78,0.634719,0.534106,0.625873
21,79,0.635277,0.00420437,0.617156
21,80,0.634719,0.250042,0.626321
21,81,0.634719,0.000971772,0.527583
21,82,0.634719,0.213971,0.505714
21,83,0.634719,0.22089,0.599362
21,84,0.634719,0.548417,0.622262
21,85,0.634719,0.40421,0.622357
21,86,0.638763,0.583189,0.628296
21,87,0.639908,0.000937616,0.59958
21,88,0.639908,0.615514,0.624974
21,89,0.640574,0.0041169,0.615951
21,90,0.639908,0.000939907,0.610731
21,91,0.638763,0.113569,0.611913
21,92,0.619932,0.00917223,0.588962
21,93,0.620043,0.280054,0.578972
21,94,0.623955,0.241945,0.611439
21,95,0.623955,0.615514,0.618334
21,96,0.619932,0.00910286,0.595943
21,97,0.623955,0.582922,0.618126
21,98,0.619932,0.000937616,0.605962
21,99,0.619932,0.271392,0.611989
21,100,0.619932,0.615514,0.618253
22,0,0.579077,0.000261132,0.0468253
22,1,0.895164,0.00189072,0.365671
22,2,0.819948,0.00335645,0.559573
22,3,0.900481,0.00350562,0.580234
22,4,0.900481,0.390376,0.597243
22,5,0.584413,0.00220638,0.570079
22,6,0.606044,0.390376,0.579583
22,7,0.606044,0.00220638,0.550931
22,8,0.584413,0.00350562,0.561544
22,9,0.584413,0.390376,0.57609
22,10,0.584413,0.00796042,0.550955
22,11,0.584413,0.00220638,0.562399
22,12,0.584413,0.00408356,0.553501
22,13,0.584413,0.00220638,0.555238
22,14,0.584413,0.00350562,0.56944
22,15,0.672939,0.0346415,0.570561
22,16,0.672939,0.134949,0.572372
22,17,0.584413,0.579077,0.584307
22,18,0.584413,0.027818,0.573281
22,19,0.584413,0.134949,0.574589
22,20,0.584413,0.00350562,0.550135
22,21,0.606044,0.027818,0.573714
22,22,0.672939,0.134949,0.570208
22,23,0.744093,0.320152,0.604441
22,24,0.672939,0.542633,0.593304
22,25,0.672939,0.584413,0.630447
22,26,0.672939,0.206287,0.626425
22,27,0.672939,0.150725,0.640966
22,28,0.672939,0.43198,0.640872
22,29,0.925484,0.00809421,0.584794
22,30,0.672939,0.00776093,0.552018
22,31,0.672939,0.320152,0.619387
22,32,0.672939,0.584413,0.635307
22,33,0.672939,0.43198,0.621522
22,34,0.672939,0.529269,0.61518
22,35,0.672939,0.235099,0.620587
22,36,0.672939,0.584413,0.630447
22,37,0.672939,0.00839549,0.600928
22,38,0.672939,0.0326991,0.607957
22,39,0.672939,0.478368,0.619248
22,40,0.866944,0.00350562,0.612086
22,41,0.672939,0.584413,0.595037
22,42,0.672939,0.584413,0.603889
22,43,0.925484,0.0346415,0.582935
22,44,0.672939,0.00408356,0.540095
22,45,0.584413,0.134949,0.546504
22,46,0.606044,0.027818,0.573714
22,47,0.925484,0.320152,0.583829
22,48,0.925484,0.027818,0.585154
22,49,0.925484,0.0079808,0.585324
22,50,0.925484,0.127071,0.731946
22,51,0.925484,0.00403922,0.76567
22,52,0.925484,0.818537,0.923345
22,53,0.926307,0.0788018,0.889049
22,54,0.926719,0.0372802,0.870968
22,55,0.926719,0.12877,0.861066
22,56,0.926719,0.027522,0.819007
22,57,0.926719,0.0088045,0.857649
22,58,0.925484,0.0625586,0.8815
22,59,0.925484,0.818537,0.921206
22,60,0.926307,0.00396666,0.906404
22,61,0.926461,0.0788018,0.897127
22,62,0.926461,0.00952417,0.907417
22,63,0.926307,0.00952417,0.904985
22,64,0.925484,0.920984,0.925394
22,65,0.925484,0.64558,0.919886
22,66,0.925484,0.0372802,0.90772
22,67,0.926461,0.00238876,0.852784
22,68,0.926461,0.925484,0.925581
22,69,0.926461,0.0369208,0.908142
22,70,0.926461,0.00399372,0.907191
22,71,0.926461,0.818537,0.923364
22,72,0.925484,0.0372802,0.882003
22,73,0.926187,0.00403922,0.891101
22,74,0.925484,0.00399372,0.888718
22,75,0.925484,0.925484,0.925484
22,76,0.925484,0.027522,0.886055
22,77,0.925484,0.925484,0.925484
22,78,0.925484,0.925484,0.925484
22,79,0.925484,0.158625,0.896862
22,80,0.926461,0.00238876,0.88804
22,81,0.926461,0.00238876,0.856675
22,82,0.925484,0.866944,0.924313
22,83,0.925484,0.925484,0.925484
22,84,0.926461,0.00238876,0.905887
22,85,0.925484,0.027522,0.905386
22,86,0.925484,0.00952417,0.892766
22,87,0.925484,0.00231585,0.859715
22,88,0.925484,0.866944,0.909989
22,89,0.926719,0.866944,0.911459
22,90,0.925484,0.866944,0.907922
22,91,0.926719,0.866944,0.893897
22,92,0.925484,0.00922459,0.88023
22,93,0.925484,0.866944,0.909597
22,94,0.925484,0.00952417,0.896072
22,95,0.926311,0.866944,0.907938
22,96,0.925484,0.0788018,0.859419
22,97,0.925484,0.43198,0.851999
22,98,0.925484,0.0331415,0.84316
22,99,0.925484,0.43198,0.856619
22,100,0.925484,0.43198,0.809871
23,0,0.266519,0.00029634,0.020891
23,1,0.542167,0.00258561,0.157192
23,2,0.545388,0.0117514,0.444257
23,3,0.590478,0.41873,0.539123
23,4,0.540881,0.000673943,0.518443
23,5,0.540881,0.0797786,0.531043
23,6,0.541524,0.540239,0.540265
23,7,0.560689,0.539572,0.540635
23,8,0.540881,0.537233,0.540192
23,9,0.540239,0.540239,0.540239
23,10,0.540239,0.00678701,0.523816
23,11,0.540239,0.41873,0.536837
23,12,0.540239,0.494199,0.538398
23,13,0.540239,0.494199,0.539318
23,14,0.590478,0.537233,0.541287
23,15,0.590478,0.00592589,0.524076
23,16,0.590478,0.537676,0.543305
23,17,0.590478,0.503845,0.546545
23,18,0.592328,0.00917853,0.546876
23,19,0.590478,0.53335,0.551209
23,20,0.590478,0.537676,0.556265
23,21,0.590478,0.0342629,0.557249
23,22,0.590478,0.00436731,0.540039
23,23,0.590478,0.540239,0.560335
23,24,0.590478,0.378476,0.55254
23,25,0.590478,0.537233,0.552115
23,26,0.590478,0.00989776,0.533883
23,27,0.597598,0.00231396,0.54678
23,28,0.597914,0.00678701,0.538737
23,29,0.613819,0.525603,0.574556
23,30,0.597914,0.00228213,0.557971
23,31,0.597914,0.000673943,0.559372
23,32,0.599403,0.536343,0.580008
23,33,0.597914,0.0384343,0.555704
23,34,0.597914,0.000874784,0.504181
23,35,0.615953,0.556424,0.591789
23,36,0.599126,0.367024,0.585734
23,37,0.599126,0.367024,0.585198
23,38,0.615953,0.537233,0.588926
23,39,0.615953,0.540239,0.586752
23,40,0.615953,0.0092135,0.572193
23,41,0.597519,0.00676477,0.578972
23,42,0.597519,0.590478,0.590974
23,43,0.590478,0.58995,0.590468
23,44,0.615953,0.187826,0.583076
23,45,0.590478,0.00088243,0.570634
23,46,0.603562,0.573375,0.590154
23,47,0.590478,0.573375,0.589739
23,48,0.615953,0.145611,0.579885
23,49,0.615953,0.187826,0.574602
23,50,0.615953,0.00436731,0.564968
23,51,0.603562,0.00231396,0.571976
23,52,0.603562,0.560689,0.589903
23,53,0.603562,0.00436731,0.578152
23,54,0.615953,0.187826,0.58318
23,55,0.621637,0.00436731,0.578979
23,56,0.590478,0.590478,0.590479
23,57,0.591334,0.145611,0.577358
23,58,0.615953,0.378476,0.586748
23,59,0.590478,0.590478,0.590479
23,60,0.590478,0.587953,0.590428
23,61,0.615953,0.00436731,0.579266
23,62,0.592328,0.187826,0.582463
23,63,0.597519,0.553905,0.590016
23,64,0.592383,0.0374565,0.577993
23,65,0.590478,0.553905,0.587942
23,66,0.592383,0.553905,0.588822
23,67,0.590478,0.00088243,0.562724
23,68,0.590478,0.0397632,0.571411
23,69,0.592328,0.573375,0.590118
23,70,0.590478,0.00989776,0.567807
23,71,0.590478,0.590478,0.590479
23,72,0.590478,0.0374565,0.579418
23,73,0.603562,0.145611,0.57178
23,74,0.590478,0.568744,0.589175
23,75,0.590478,0.587953,0.590428
23,76,0.597519,0.553905,0.589827
23,77,0.597519,0.00231396,0.578114
23,78,0.597519,0.540239,0.589005
23,79,0.597519,0.00989776,0.577942
23,80,0.597519,0.58995,0.590997
23,81,0.597519,0.145611,0.581723
23,82,0.597221,0.00088243,0.57888
23,83,0.597221,0.146509,0.572814
23,84,0.597221,0.561977,0.588967
23,85,0.597221,0.00231208,0.57776
23,86,0.597221,0.000877934,0.577532
23,87,0.61745,0.124259,0.570606
23,88,0.597221,0.00537446,0.576585
23,89,0.597221,0.580543,0.589489
23,90,0.58995,0.571665,0.589219
23,91,0.58995,0.146509,0.580874
23,92,0.591856,0.0370495,0.578851
23,93,0.591856,0.58995,0.590141
23,94,0.591856,0.580139,0.589831
23,95,0.590478,0.146509,0.581036
23,96,0.591856,0.111817,0.53597
23,97,0.592359,0.14266,0.581011
23,98,0.597221,0.58995,0.590144
23,99,0.58995,0.585968,0.589815
23,100,0.61745,0.585968,0.590469
24,0,0.243878,0.000299122,0.0180898
24,1,0.898087,0.0026872,0.101268
24,2,0.98982,0.00122934,0.31822
24,3,0.982259,0.00226486,0.260888
24,4,0.98982,0.010107,0.651771
24,5,0.990855,0.0320518,0.724882
24,6,0.986951,0.010107,0.612565
24,7,0.999026,0.0153748,0.659634
24,8,0.990855,0.000875849,0.520742
24,9,0.990855,0.00111456,0.547481
24,10,0.990855,0.00109115,0.771333
24,11,0.990855,0.00928138,0.436523
24,12,0.990855,0.0352556,0.810768
24,13,0.990855,0.00239988,0.841343
24,14,0.986951,0.787126,0.886836
24,15,0.986951,0.00100403,0.829701
24,16,0.986951,0.0177352,0.915675
24,17,0.986951,0.0383274,0.951097
24,18,0.986951,0.00240444,0.967018
24,19,0.998142,0.977086,0.986529
24,20,0.998222,0.0383274,0.966822
24,21,0.99671,0.366403,0.973354
24,22,0.998142,0.00924692,0.966763
24,23,0.986951,0.144267,0.958806
24,24,0.986951,0.00240444,0.967166
24,25,0.986951,0.984697,0.986906
24,26,0.998142,0.00240444,0.929742
24,27,0.986951,0.102758,0.968052
24,28,0.986951,0.984697,0.986861
24,29,0.986951,0.115363,0.969519
24,30,0.99671,0.977086,0.986949
24,31,0.986951,0.422394,0.975462
24,32,0.986951,0.102758,0.952139
24,33,0.986951,0.0177352,0.94536
24,34,0.986951,0.142888,0.97007
24,35,0.986951,0.144267,0.970097
24,36,0.990855,0.0177352,0.946174
24,37,0.986951,0.00109115,0.893361
24,38,0.986951,0.366403,0.940404
24,39,0.986951,0.00924692,0.932438
24,40,0.986951,0.986951,0.986951
24,41,0.986951,0.102758,0.956856
24,42,0.986951,0.102758,0.968214
24,43,0.990855,0.0383274,0.968056
24,44,0.986951,0.366403,0.967581
24,45,0.986951,0.00109115,0.967032
24,46,0.990855,0.932865,0.985543
24,47,0.998222,0.932865,0.982523
24,48,0.998222,0.932865,0.965776
24,49,0.998222,0.932865,0.96383
24,50,0.998222,0.00240444,0.880632
24,51,0.998222,0.0177352,0.938233
24,52,0.986951,0.614785,0.970994
24,53,0.986951,0.0461713,0.899485
24,54,0.986951,0.639018,0.964848
24,55,0.986951,0.00244126,0.923992
24,56,0.932865,0.0950364,0.916109
24,57,0.98757,0.932865,0.934609
24,58,0.932865,0.00244126,0.906486
24,59,0.932865,0.00244126,0.914257
24,60,0.932865,0.0950364,0.908242
24,61,0.995612,0.00897922,0.917273
24,62,0.995612,0.932865,0.941744
24,63,0.998222,0.0175647,0.921316
24,64,0.964631,0.932865,0.961943
24,65,0.964631,0.592604,0.956408
24,66,0.964631,0.00110272,0.926472
24,67,0.986581,0.92337,0.962372
24,68,0.971169,0.135789,0.935308
24,69,0.982653,0.00911017,0.926231
24,70,0.964459,0.0471768,0.943966
24,71,0.998239,0.0398017,0.94478
24,72,0.964459,0.957301,0.963313
24,73,0.964459,0.00110127,0.941376
24,74,0.964459,0.0175149,0.914673
24,75,0.996334,0.0045892,0.938743
24,76,0.998067,0.932582,0.957689
24,77,0.964459,0.00111299,0.916087
24,78,0.965176,0.00110127,0.933093
24,79,0.997593,0.932582,0.937519
24,80,0.932582,0.92337,0.932399
24,81,0.995767,0.92337,0.933662
24,82,0.987487,0.49287,0.924887
24,83,0.932582,0.932582,0.932583
24,84,0.987487,0.0173487,0.915376
24,85,0.987487,0.932582,0.944662
24,86,0.987487,0.913728,0.951971
24,87,0.987487,0.885109,0.957988
24,88,0.998067,0.786978,0.94051
24,89,0.998067,0.786978,0.955618
24,90,0.987487,0.0493012,0.937239
24,91,0.996826,0.0407172,0.937237
24,92,0.987487,0.00243663,0.901845
24,93,0.998067,0.159684,0.914252
24,94,0.987487,0.92337,0.93395
24,95,0.958131,0.00897795,0.890376
24,96,0.958131,0.159684,0.889275
24,97,0.965176,0.92337,0.938024
24,98,0.965176,0.913728,0.940311
24,99,0.986881,0.0173487,0.883506
24,100,0.997593,0.0935127,0.915067
25,0,0.715522,0.000295202,0.0530144
25,1,0.715522,0.000911393,0.2434
25,2,0.715522,0.0156774,0.466455
25,3,0.716479,0.00977701,0.615697
25,4,0.716479,0.518997,0.69725
25,5,0.722438,0.477476,0.697809
25,6,0.716479,0.282281,0.704309
25,7,0.716479,0.31809,0.69949
25,8,0.716479,0.497418,0.703808
25,9,0.715522,0.0935246,0.690259
25,10,0.715522,0.0152355,0.668383
25,11,0.716479,0.0152355,0.669609
25,12,0.767261,0.00424287,0.632828
25,13,0.715522,0.510254,0.683772
25,14,0.73012,0.00233207,0.639637
25,15,0.716479,0.00410997,0.638072
25,16,0.716861,0.00240827,0.615602
25,17,0.767261,0.00222191,0.660725
25,18,0.767261,0.510254,0.669199
25,19,0.767261,0.383615,0.670798
25,20,0.716861,0.207437,0.642926
25,21,0.716861,0.0209214,0.635334
25,22,0.716861,0.145563,0.670246
25,23,0.71357,0.543414,0.641515
25,24,0.716479,0.0108012,0.625394
25,25,0.716479,0.00240827,0.630888
25,26,0.716479,0.00142733,0.603552
25,27,0.716479,0.0380867,0.658992
25,28,0.716861,0.00828629,0.65946
25,29,0.716861,0.0209214,0.686663
25,30,0.716479,0.0209099,0.684742
25,31,0.716861,0.0219257,0.690492
25,32,0.716861,0.00290477,0.680682
25,33,0.722833,0.615416,0.699859
25,34,0.716861,0.50534,0.699371
25,35,0.716861,0.00980758,0.675491
25,36,0.714105,0.64208,0.700551
25,37,0.71357,0.64208,0.689313
25,38,0.71357,0.17372,0.683524
25,39,0.71357,0.00994035,0.637042
25,40,0.728477,0.145563,0.613564
25,41,0.710789,0.277627,0.651597
25,42,0.706986,0.613726,0.673924
25,43,0.706986,0.152293,0.675038
25,44,0.711972,0.0216212,0.670164
25,45,0.711972,0.00251536,0.656542
25,46,0.71357,0.534641,0.684725
25,47,0.72854,0.00142519,0.679825
25,48,0.711972,0.503271,0.675211
25,49,0.725915,0.00145521,0.668551
25,50,0.711972,0.556088,0.695792
25,51,0.706986,0.0028323,0.659785
25,52,0.706986,0.695215,0.705613
25,53,0.706986,0.00145411,0.668343
25,54,0.711098,0.330371,0.697402
25,55,0.711098,0.0393198,0.685164
25,56,0.72497,0.327907,0.689828
25,57,0.72497,0.0100701,0.666668
25,58,0.72497,0.323025,0.677233
25,59,0.73012,0.323025,0.692532
25,60,0.72497,0.0400891,0.68941
25,61,0.711998,0.704549,0.707105
25,62,0.720288,0.00284085,0.693243
25,63,0.711998,0.645621,0.705519
25,64,0.711998,0.701066,0.707999
25,65,0.7284,0.0391991,0.691439
25,66,0.7284,0.00978102,0.684268
25,67,0.728948,0.518168,0.703052
25,68,0.7284,0.00284085,0.681256
25,69,0.7284,0.0391991,0.69401
25,70,0.7284,0.0209099,0.684187
25,71,0.720288,0.705917,0.706205
25,72,0.720288,0.705917,0.706205
25,73,0.720288,0.641014,0.70472
25,74,0.705917,0.0393506,0.686865
25,75,0.705917,0.0393506,0.624565
25,76,0.705917,0.0208502,0.678073
25,77,0.705917,0.0208502,0.681698
25,78,0.7284,0.00145045,0.671633
25,79,0.720288,0.534028,0.70165
25,80,0.724456,0.705917,0.706288
25,81,0.705917,0.00232709,0.68497
25,82,0.705917,0.00284085,0.662163
25,83,0.705917,0.645621,0.704689
25,84,0.712583,0.0393506,0.676906
25,85,0.712583,0.00284085,0.668571
25,86,0.709758,0.0381628,0.668164
25,87,0.7284,0.0381628,0.683759
25,88,0.720288,0.00232709,0.666612
25,89,0.713844,0.506461,0.670389
25,90,0.720288,0.00868984,0.654809
25,91,0.713844,0.00233609,0.638399
25,92,0.713844,0.00247361,0.580144
25,93,0.71213,0.282879,0.644902
25,94,0.713844,0.00152338,0.643891
25,95,0.652143,0.00153125,0.6373
25,96,0.665604,0.645621,0.650259
25,97,0.652143,0.00153125,0.637174
25,98,0.652143,0.645621,0.650969
25,99,0.652143,0.00247361,0.616636
25,100,0.652143,0.00153125,0.630026
26,0,0.341379,0.0003616,0.0337568
26,1,0.38535,0.000387922,0.0869195
26,2,0.631907,0.000705688,0.139046
26,3,0.697819,0.0146422,0.318776
26,4,0.706065,0.0484782,0.536004
26,5,0.718314,0.00143777,0.479939
26,6,0.79346,0.27807,0.566379
26,7,0.788835,0.0109286,0.647292
26,8,0.788835,0.0840822,0.64455
26,9,0.788835,0.382914,0.661326
26,10,0.798014,0.0945185,0.674844
26,11,0.798014,0.0473965,0.685338
26,12,0.798014,0.00248345,0.668238
26,13,0.798014,0.0109059,0.661046
26,14,0.803289,0.00173049,0.718611
26,15,0.803289,0.0512361,0.715456
26,16,0.802489,0.599503,0.728973
26,17,0.798014,0.599503,0.695573
26,18,0.798014,0.599503,0.70965
26,19,0.798014,0.599503,0.738819
26,20,0.798014,0.0512361,0.717508
26,21,0.798014,0.0374042,0.675338
26,22,0.798014,0.453775,0.684375
26,23,0.798014,0.453775,0.648856
26,24,0.803289,0.453775,0.680146
26,25,0.803289,0.0100902,0.721044
26,26,0.807657,0.0100902,0.69903
26,27,0.803289,0.00165585,0.672337
26,28,0.803289,0.0419507,0.713971
26,29,0.820243,0.548299,0.756102
26,30,0.803289,0.548299,0.74839
26,31,0.803289,0.453775,0.762571
26,32,0.803289,0.00382389,0.767297
26,33,0.803289,0.103932,0.76294
26,34,0.820243,0.28962,0.769881
26,35,0.815426,0.00173529,0.74796
26,36,0.803289,0.00165585,0.772091
26,37,0.803289,0.631957,0.772172
26,38,0.803289,0.00223166,0.719108
26,39,0.803289,0.0516438,0.764679
26,40,0.803289,0.0107674,0.779901
26,41,0.803289,0.0100902,0.755007
26,42,0.803289,0.0417347,0.784764
26,43,0.807657,0.757275,0.802456
26,44,0.803289,0.00173529,0.78304
26,45,0.803289,0.0516438,0.788151
26,46,0.803289,0.00173529,0.786818
26,47,0.803289,0.39418,0.795107
26,48,0.803289,0.104737,0.783029
26,49,0.803289,0.497839,0.79718
26,50,0.803289,0.478061,0.796033
26,51,0.813368,0.0100902,0.733913
26,52,0.813368,0.478061,0.75549
26,53,0.803289,0.0023006,0.746198
26,54,0.803289,0.0516438,0.769579
26,55,0.803289,0.39418,0.79081
26,56,0.803289,0.00381074,0.762016
26,57,0.803289,0.0516438,0.765992
26,58,0.803289,0.724739,0.788971
26,59,0.813368,0.0037375,0.776189
26,60,0.803289,0.0516438,0.786685
26,61,0.807657,0.00173529,0.755538
26,62,0.803289,0.00173529,0.787258
26,63,0.803289,0.00381074,0.786379
26,64,0.803289,0.478061,0.794944
26,65,0.803289,0.00174108,0.786819
26,66,0.820243,0.798014,0.803523
26,67,0.803289,0.765729,0.802538
26,68,0.813368,0.0100902,0.779947
26,69,0.813368,0.0100902,0.787828
26,70,0.803289,0.803289,0.803289
26,71,0.803289,0.0100902,0.757161
26,72,0.803289,0.402219,0.791794
26,73,0.803289,0.704688,0.800397
26,74,0.807657,0.395049,0.790814
26,75,0.807657,0.0100902,0.779361
26,76,0.813368,0.0417347,0.739561
26,77,0.914269,0.00230281,0.70624
26,78,0.914269,0.0417347,0.752884
26,79,0.915619,0.00574125,0.768006
26,80,0.919938,0.00377385,0.735762
26,81,0.919938,0.386774,0.736636
26,82,0.807657,0.00173674,0.728997
26,83,0.807657,0.00381074,0.763204
26,84,0.807657,0.0023006,0.758102
26,85,0.807657,0.00173241,0.729379
26,86,0.807657,0.0100701,0.742666
26,87,0.807657,0.559683,0.737845
26,88,0.807657,0.0514627,0.756867
26,89,0.807657,0.0100902,0.760679
26,90,0.803289,0.469164,0.777839
26,91,0.803289,0.469164,0.775609
26,92,0.803289,0.00173529,0.769672
26,93,0.803289,0.0022962,0.781031
26,94,0.803289,0.794314,0.796289
26,95,0.803289,0.0516438,0.780897
26,96,0.803289,0.0100902,0.775635
26,97,0.803289,0.755737,0.794689
26,98,0.803289,0.00173241,0.75103
26,99,0.803289,0.00380147,0.738166
26,100,0.811941,0.0675848,0.768612
27,0,0.543188,0.000473416,0.0537989
27,1,0.538438,0.00100487,0.152529
27,2,0.543188,0.000828176,0.241372
27,3,0.543188,0.00130289,0.342619
27,4,0.552628,0.00293867,0.405595
27,5,0.552628,0.000703298,0.317284
27,6,0.55338,0.0134655,0.391039
27,7,0.552628,0.00525214,0.432664
27,8,0.55338,0.00241505,0.381928
27,9,0.558004,0.00235919,0.488258
27,10,0.557258,0.00601309,0.4915
27,11,0.580794,0.0363525,0.502281
27,12,0.580794,0.00925761,0.5171
27,13,0.580794,0.276395,0.538801
27,14,0.578348,0.00647261,0.540385
27,15,0.557258,0.517325,0.549135
27,16,0.590088,0.0342006,0.537647
27,17,0.557258,0.00649342,0.533775
27,18,0.560874,0.539345,0.547687
27,19,0.562155,0.540885,0.55002
27,20,0.562155,0.43388,0.548374
27,21,0.609436,0.000701813,0.538478
27,22,0.55926,0.540885,0.548157
27,23,0.587593,0.111493,0.539682
27,24,0.55363,0.000701443,0.535034
27,25,0.55363,0.0333783,0.525611
27,26,0.55363,0.540885,0.545531
27,27,0.55363,0.0339772,0.527973
27,28,0.549251,0.543188,0.54409
27,29,0.547979,0.0705178,0.535341
27,30,0.547979,0.484872,0.543265
27,31,0.547979,0.39855,0.533683
27,32,0.547979,0.0754198,0.516365
27,33,0.547979,0.39855,0.532003
27,34,0.547979,0.39855,0.53671
27,35,0.544275,0.499656,0.54236
27,36,0.543188,0.00647261,0.532454
27,37,0.606053,0.000703298,0.533839
27,38,0.543188,0.417447,0.540673
27,39,0.543188,0.484872,0.541558
27,40,0.543188,0.0754198,0.533833
27,41,0.543188,0.00241748,0.532342
27,42,0.543942,0.000703298,0.528672
27,43,0.544257,0.10699,0.534007
27,44,0.550167,0.484872,0.542176
27,45,0.547133,0.0333783,0.532561
27,46,0.543188,0.540885,0.542727
27,47,0.543188,0.252816,0.537288
27,48,0.543188,0.540885,0.543142
27,49,0.543188,0.000703298,0.520457
27,50,0.543188,0.0754198,0.531087
27,51,0.543188,0.540885,0.542635
27,52,0.545272,0.537813,0.542155
27,53,0.555354,0.105742,0.533582
27,54,0.555354,0.00242223,0.530523
27,55,0.609436,0.00721606,0.533036
27,56,0.553378,0.424404,0.539285
27,57,0.553378,0.417447,0.535458
27,58,0.548766,0.249098,0.529196
27,59,0.548766,0.403805,0.521791
27,60,0.55294,0.00124015,0.502495
27,61,0.609436,0.00901514,0.508168
27,62,0.606053,0.396503,0.513716
27,63,0.609436,0.424404,0.52232
27,64,0.609436,0.00649342,0.514911
27,65,0.55294,0.424404,0.534819
27,66,0.55294,0.00901514,0.531415
27,67,0.55294,0.00649342,0.521121
27,68,0.553378,0.517325,0.54222
27,69,0.548766,0.033143,0.528965
27,70,0.548766,0.49682,0.537491
27,71,0.545272,0.517325,0.535318
27,72,0.545272,0.0939484,0.522108
27,73,0.609436,0.0324464,0.510911
27,74,0.540885,0.517325,0.53523
27,75,0.540885,0.000704042,0.52114
27,76,0.540885,0.00649342,0.518562
27,77,0.540885,0.033143,0.50699
27,78,0.542063,0.0762177,0.531615
27,79,0.542063,0.00242223,0.520649
27,80,0.542063,0.033143,0.528133
27,81,0.548766,0.424404,0.536383
27,82,0.553786,0.00649342,0.530628
27,83,0.553786,0.00242223,0.520522
27,84,0.541657,0.424404,0.53771
27,85,0.541657,0.537813,0.539733
27,86,0.548766,0.0762177,0.521058
27,87,0.541657,0.00658827,0.490612
27,88,0.541657,0.105742,0.527663
27,89,0.541657,0.00900099,0.520054
27,90,0.550233,0.0782043,0.530175
27,91,0.540885,0.480068,0.538317
27,92,0.553378,0.537813,0.53966
27,93,0.540885,0.537813,0.539779
27,94,0.545272,0.00649342,0.52734
27,95,0.540885,0.00242223,0.52842
27,96,0.550504,0.0330417,0.51763
27,97,0.55294,0.00901514,0.526491
27,98,0.55294,0.537813,0.541459
27,99,0.548766,0.00242223,0.52829
27,100,0.553378,0.498259,0.540857
28,0,0.582608,0.000374519,0.0537242
28,1,0.637357,0.0033131,0.185126
28,2,0.90996,0.00170685,0.374517
28,3,0.880582,0.00170685,0.468774
28,4,0.880582,0.00153989,0.471297
28,5,0.880582,0.00162015,0.537727
28,6,0.880582,0.00357081,0.489777
28,7,0.884178,0.00577889,0.613944
28,8,0.880582,0.00162015,0.426286
28,9,0.891714,0.00537387,0.734812
28,10,0.891714,0.00502043,0.821199
28,11,0.891714,0.449187,0.826664
28,12,0.880582,0.258961,0.802612
28,13,0.880582,0.0522951,0.763799
28,14,0.880582,0.00231949,0.775397
28,15,0.909096,0.40756,0.857578
28,16,0.874201,0.838997,0.86516
28,17,0.874201,0.00232844,0.84635
28,18,0.874201,0.423582,0.85503
28,19,0.874201,0.00497871,0.835915
28,20,0.876598,0.00984707,0.819818
28,21,0.883938,0.109682,0.851792
28,22,0.874201,0.0491033,0.840719
28,23,0.874201,0.113512,0.858619
28,24,0.874201,0.855798,0.873833
28,25,0.9034,0.855798,0.87435
28,26,0.9034,0.299548,0.856473
28,27,0.903902,0.299548,0.843236
28,28,0.9034,0.859671,0.875651
28,29,0.896421,0.545992,0.869437
28,30,0.896421,0.545992,0.870982
28,31,0.910659,0.0397866,0.859958
28,32,0.892807,0.00497871,0.839804
28,33,0.874201,0.0491033,0.846032
28,34,0.874201,0.00232844,0.838324
28,35,0.878169,0.423582,0.865094
28,36,0.874201,0.0491033,0.8395
28,37,0.874201,0.865491,0.873156
28,38,0.874201,0.865491,0.872459
28,39,0.874201,0.0397866,0.856923
28,40,0.874201,0.874201,0.874201
28,41,0.874201,0.855798,0.873833
28,42,0.874201,0.865491,0.874027
28,43,0.896421,0.865491,0.874471
28,44,0.896421,0.874201,0.877756
28,45,0.903421,0.00232844,0.861173
28,46,0.903421,0.00235214,0.834236
28,47,0.909096,0.855798,0.881978
28,48,0.909096,0.00984707,0.858602
28,49,0.909096,0.00984707,0.847447
28,50,0.909096,0.0397866,0.859607
28,51,0.874201,0.874201,0.874201
28,52,0.896421,0.0491033,0.858076
28,53,0.896421,0.00162015,0.836409
28,54,0.896421,0.0395728,0.813044
28,55,0.896421,0.00232844,0.817914
28,56,0.9034,0.833714,0.872334
28,57,0.902703,0.00497871,0.856328
28,58,0.903902,0.00495986,0.849897
28,59,0.902703,0.00162462,0.860858
28,60,0.902703,0.0395728,0.861809
28,61,0.878169,0.0098203,0.844577
28,62,0.878169,0.00162462,0.799526
28,63,0.903108,0.0495062,0.827853
28,64,0.900147,0.0098203,0.77546
28,65,0.903108,0.552872,0.845889
28,66,0.903108,0.545992,0.837114
28,67,0.878169,0.00907747,0.847785
28,68,0.878169,0.114496,0.849622
28,69,0.878169,0.839551,0.872662
28,70,0.909727,0.835076,0.872229
28,71,0.909727,0.874201,0.880045
28,72,0.909727,0.00162462,0.862575
28,73,0.909727,0.00162462,0.861691
28,74,0.902703,0.860764,0.87668
28,75,0.878169,0.00233153,0.812499
28,76,0.878169,0.859671,0.874863
28,77,0.878169,0.874201,0.8769
28,78,0.878169,0.0495062,0.860137
28,79,0.878169,0.00495986,0.847996
28,80,0.909727,0.874201,0.877372
28,81,0.878169,0.0491033,0.853109
28,82,0.878169,0.00497871,0.839765
28,83,0.900147,0.00497871,0.847754
28,84,0.878169,0.874201,0.876582
28,85,0.878169,0.113512,0.861686
28,86,0.878169,0.322079,0.865377
28,87,0.902703,0.00495986,0.833843
28,88,0.902703,0.322079,0.869903
28,89,0.9034,0.0098203,0.853282
28,90,0.902703,0.0495062,0.866541
28,91,0.902703,0.00467042,0.863782
28,92,0.902703,0.855798,0.879382
28,93,0.902703,0.0395728,0.822018
28,94,0.902703,0.878169,0.882706
28,95,0.902703,0.369012,0.874657
28,96,0.902703,0.860764,0.893466
28,97,0.902703,0.00238119,0.874405
28,98,0.902703,0.0495062,0.871435
28,99,0.902703,0.00169843,0.807779
28,100,0.902703,0.00477258,0.874642
29,0,0.951167,0.000334479,0.0535798
29,1,0.957484,0.00363604,0.662948
29,2,0.964655,0.079742,0.685278
29,3,0.964655,0.38922,0.811878
29,4,0.966956,0.38922,0.917593
29,5,0.957484,0.0095244,0.820027
29,6,0.957358,0.083906,0.915884
29,7,0.957432,0.925905,0.948755
29,8,0.957358,0.15049,0.933016
29,9,0.957358,0.010166,0.934144
29,10,0.957358,0.00234435,0.915107
29,11,0.957358,0.0346039,0.929072
29,12,0.957652,0.0101462,0.937964
29,13,0.957652,0.00949958,0.902329
29,14,0.957652,0.946592,0.956311
29,15,0.957652,0.0101462,0.907414
29,16,0.956882,0.0321709,0.937565
29,17,0.956882,0.0101462,0.904444
29,18,0.956882,0.38401,0.945425
29,19,0.956882,0.00949958,0.937935
29,20,0.957652,0.00949958,0.920413
29,21,0.956882,0.00949958,0.918987
29,22,0.956882,0.0023711,0.916827
29,23,0.956882,0.168837,0.936787
29,24,0.956882,0.13441,0.940406
29,25,0.956882,0.0361271,0.926978
29,26,0.956882,0.00949958,0.937921
29,27,0.956882,0.0362622,0.910969
29,28,0.956882,0.00949958,0.933826
29,29,0.956882,0.0800239,0.939345
29,30,0.956882,0.0013999,0.920834
29,31,0.956882,0.0013999,0.908739
29,32,0.956882,0.142011,0.919422
29,33,0.957652,0.073548,0.932724
29,34,0.956882,0.00949958,0.889209
29,35,0.956882,0.00949958,0.921721
29,36,0.956882,0.073548,0.928188
29,37,0.956882,0.168837,0.919504
29,38,0.956882,0.909801,0.949434
29,39,0.956882,0.942738,0.950169
29,40,0.956882,0.38401,0.936544
29,41,0.956882,0.942738,0.952697
29,42,0.956882,0.0104704,0.929036
29,43,0.956882,0.0362622,0.932506
29,44,0.956882,0.0101462,0.929151
29,45,0.95614,0.942738,0.945177
29,46,0.946528,0.0385294,0.924531
29,47,0.950552,0.937822,0.942796
29,48,0.950552,0.00240843,0.898196
29,49,0.950552,0.942738,0.947426
29,50,0.950552,0.925428,0.945204
29,51,0.956882,0.0304419,0.915064
29,52,0.956882,0.073548,0.927265
29,53,0.956882,0.190877,0.909243
29,54,0.952072,0.00921147,0.924451
29,55,0.952072,0.00930009,0.925449
29,56,0.950552,0.911193,0.942318
29,57,0.950552,0.0304419,0.922252
29,58,0.950552,0.00983655,0.884031
29,59,0.950552,0.00240843,0.866523
29,60,0.950552,0.00141254,0.924758
29,61,0.959462,0.00141254,0.888863
29,62,0.950552,0.030861,0.906574
29,63,0.960792,0.911193,0.93843
29,64,0.950552,0.0750937,0.9137
29,65,0.952072,0.00141254,0.872661
29,66,0.950552,0.0750937,0.92869
29,67,0.953161,0.00141679,0.925321
29,68,0.950552,0.185009,0.92451
29,69,0.950552,0.823808,0.942122
29,70,0.952072,0.34267,0.928594
29,71,0.950552,0.00141254,0.901736
29,72,0.953255,0.836892,0.945062
29,73,0.960792,0.836892,0.933608
29,74,0.960792,0.933948,0.944173
29,75,0.960792,0.073548,0.926394
29,76,0.942738,0.120849,0.9263
29,77,0.942738,0.00921147,0.923969
29,78,0.955565,0.942738,0.942994
29,79,0.955565,0.846505,0.941583
29,80,0.956882,0.923639,0.942639
29,81,0.956882,0.073548,0.925538
29,82,0.946528,0.00240843,0.924007
29,83,0.942738,0.00141679,0.923735
29,84,0.950552,0.0304419,0.924724
29,85,0.955565,0.00141679,0.922932
29,86,0.942738,0.0385294,0.90727
29,87,0.942738,0.0304419,0.888045
29,88,0.955565,0.846505,0.939221
29,89,0.942738,0.00141679,0.886354
29,90,0.946528,0.937822,0.942715
29,91,0.942738,0.00240843,0.888301
29,92,0.960792,0.00240843,0.906407
29,93,0.960792,0.942738,0.943099
29,94,0.942738,0.00240843,0.88704
29,95,0.960792,0.0104704,0.891415
29,96,0.942738,0.00921147,0.924067
29,97,0.956882,0.0104704,0.92245
29,98,0.942738,0.933948,0.942562
29,99,0.944947,0.00240843,0.901657
29,100,0.942738,0.942738,0.942738
